,,,CID,11314340,10074640,11485656,24889392,6450551,11667893,11409972,11338033,16007391,9933475,10127622,11364421,57397989,10184653,156422,9813758,3025986,11234052,126565,9886808,11656518,156414,6918454,9926791,11626560,3062316,176870,42642645,5287969,11717001,17755052,123631,25182616,15983966,16725726,11617559,9915743,5291,25126798,11676971,9869779,11427553,208908,176167,153999,9929127,3038522,11712649,644241,10113978,447077,10461815,9884685,9829523,24180719,57347681,151194,11213558,6918852,176155,24779724,5328940,216239,44259,10138259,5329102,16038120,10427712,16722836,3081361,5494449,3038525
,,,SMILES,CC1=C2C=C(C=CC2=NN1)C3=CC(=CN=C3)OC[C@H](CC4=CC=CC=C4)N,CC1=C(C=C(C=C1)NC(=O)C2=CC=C(C=C2)CN3CCN(CC3)C)NC4=NC(=CS4)C5=CN=CC=C5,CC1=CC(=C(C=C1)F)NC(=O)NC2=CC=C(C=C2)C3=C4C(=CC=C3)NN=C4N,CC(C)(C)C1=CC(=NO1)NC(=O)NC2=CC=C(C=C2)C3=CN4C5=C(C=C(C=C5)OCCN6CCOCC6)SC4=N3,CNC(=O)C1=CC=CC=C1SC2=CC3=C(C=C2)C(=NN3)/C=C/C4=CC=CC=N4,CC1(CNC2=C1C=CC(=C2)NC(=O)C3=C(N=CC=C3)NCC4=CC=NC=C4)C,CCN1CCN(CC1)CC2=C(C=C(C=C2)NC(=O)NC3=CC=C(C=C3)OC4=NC=NC(=C4)NC)C(F)(F)F,C1CNCCC1NC(=O)C2=C(C=NN2)NC(=O)C3=C(C=CC=C3Cl)Cl,CCN(CCCOC1=CC2=C(C=C1)C(=NC=N2)NC3=NNC(=C3)CC(=O)NC4=CC(=CC=C4)F)CCO,CC1=CC2=C(N1)C=CC(=C2F)OC3=NC=NC4=CC(=C(C=C43)OC)OCCCN5CCCC5,CN1C=NC2=C1C=C(C(=C2F)NC3=C(C=C(C=C3)Br)Cl)C(=O)NOCCO,CC[C@@H]1C(=O)N(C2=CN=C(N=C2N1C3CCCC3)NC4=C(C=C(C=C4)C(=O)NC5CCN(CC5)C)OC)C,CN1CCN(CC1)CC(=O)N(C)C2=CC=C(C=C2)N/C(=C\3/C4=CC=CC=C4NC3=O)/C5=CC=CC=C5,CN(C)C/C=C/C(=O)NC1=C(C=C2C(=C1)C(=NC=N2)NC3=CC(=C(C=C3)F)Cl)O[C@H]4CCOC4,CC1=CC=C(C=C1)N2C(=CC(=N2)C(C)(C)C)NC(=O)NC3=CC=C(C4=CC=CC=C43)OCCN5CCOCC5,CC1=CC2=C(C=C1)N=C(C3=NC=C(N23)C)NCCN,CC(C)(C)C1=CN=C(O1)CSC2=CN=C(S2)NC(=O)C3CCNCC3,CC1=CC2=C(N1)C=CC(=C2F)OC3=NC=NN4C3=C(C(=C4)OC[C@@H](C)O)C,C[C@@]12[C@](C[C@@H](O1)N3C4=CC=CC=C4C5=C6C(=C7C8=CC=CC=C8N2C7=C53)CNC6=O)(CO)O,CN1CCN(CC1)C2=CC3=C(C=C2)N/C(=C/4\C(=C5C(=NC4=O)C=CC=C5F)N)/N3,CN1C2=C(C=C(C=C2)OC3=CC(=NC=C3)C4=NC=C(N4)C(F)(F)F)N=C1NC5=CC=C(C=C5)C(F)(F)F,C=CC(=O)NC1=C(C=C2C(=C1)C(=NC=N2)NC3=CC(=C(C=C3)F)Cl)OCCCN4CCOCC4,C1CC1CONC(=O)C2=C(C(=C(C=C2)F)F)NC3=C(C=C(C=C3)I)Cl,C[C@@H]1CCN(C[C@@H]1N(C)C2=NC=NC3=C2C=CN3)C(=O)CC#N,C[C@H](C1=C(C=CC(=C1Cl)F)Cl)OC2=C(N=CC(=C2)C3=CN(N=C3)C4CCNCC4)N,CC1=C(C(=CC=C1)Cl)NC(=O)C2=CN=C(S2)NC3=NC(=NC(=C3)N4CCN(CC4)CCO)C,COCCOC1=C(C=C2C(=C1)C(=NC=N2)NC3=CC=CC(=C3)C#C)OCCOC,COC1=CC2=C(C=CN=C2C=C1OCCCN3CCOCC3)OC4=C(C=C(C=C4)NC(=O)C5(CC5)C(=O)NC6=CC=C(C=C6)F)F,CN1CC[C@@H]([C@@H](C1)O)C2=C(C=C(C3=C2OC(=CC3=O)C4=CC=CC=C4Cl)O)O,C1C/C(=N\O)/C2=C1C=C(C=C2)C3=CN(N=C3C4=CC=NC=C4)CCO,CS(=O)(=O)N1CCN(CC1)CC2=CC3=C(S2)C(=NC(=N3)C4=C5C=NNC5=CC=C4)N6CCOCC6,COC1=C(C=C2C(=C1)N=CN=C2NC3=CC(=C(C=C3)F)Cl)OCCCN4CCOCC4,CNC(=O)C1=C(C=CC=C1F)NC2=NC(=NC3=C2C=CN3)NC4=C(C=C5CCN(C5=C4)C(=O)CN(C)C)OC,C[C@H](C1=CC=CC=C1C(F)(F)F)OC2=C(SC(=C2)N3C=NC4=C3C=C(C=C4)CN5CCN(CC5)C)C(=O)N,CCN1C2=C(C(=NC=C2OC[C@H]3CCCNC3)C#CC(C)(C)O)N=C1C4=NON=C4N,COC1=CC=C(C=C1)COC2=C(C=C(C=C2)CC3=CN=C(N=C3N)N)OC,CCOC1=C(C=C2C(=C1)N=CC(=C2NC3=CC(=C(C=C3)OCC4=CC=CC=N4)Cl)C#N)NC(=O)/C=C/CN(C)C,CC1=C(C=C(C=C1)NC(=O)C2=CC=C(C=C2)CN3CCN(CC3)C)NC4=NC=CC(=N4)C5=CN=CC=C5,C1CCC(C1)[C@@H](CC#N)N2C=C(C=N2)C3=C4C=CNC4=NC=N3,CN(C)CC(=O)N1CCC(CC1)C2=CC(=C(C=C2)NC(=O)C3=NC=C(N3)C#N)C4=CCCCC4,CC(C1=NC=CS1)NC(=O)NC2=C(C=C(C=C2)OC3=C4C=C(C(=CC4=NC=C3)OC)OC)OC,C1CN(CCN1)C(=O)C2=CC=C(C=C2)/C=C/C3=NNC4=CC=CC=C43,CS(=O)(=O)CCNCC1=CC=C(O1)C2=CC3=C(C=C2)N=CN=C3NC4=CC(=C(C=C4)OCC5=CC(=CC=C5)F)Cl,CN1C=C(C2=CC=CC=C21)C3=C(C(=O)NC3=O)C4=CN(C5=CC=CC=C54)C6CCN(CC6)CC7=CC=CC=N7,CN(C)C[C@@H]1CCN2C=C(C3=CC=CC=C32)C4=C(C5=CN(CCO1)C6=CC=CC=C65)C(=O)NC4=O,CC1=C(C=CC=N1)C(=O)NC2=C3C(=CC(=C2OC)Cl)C4=C(N3)C=NC=C4,CC(C)OC1=CC=C(C=C1)NC(=O)N2CCN(CC2)C3=NC=NC4=CC(=C(C=C43)OC)OCCCN5CCCCC5,C1C2=CN=C(N=C2C3=C(C=C(C=C3)Cl)C(=N1)C4=C(C=CC=C4F)F)NC5=CC=C(C=C5)C(=O)O,CC1=C(C=C(C=C1)C(=O)NC2=CC(=CC(=C2)N3C=C(N=C3)C)C(F)(F)F)NC4=NC=CC(=N4)C5=CN=CC=C5,CC1=C(C=C(C=C1)NC2=NC=CC(=N2)N(C)C3=CC4=NN(C(=C4C=C3)C)C)S(=O)(=O)N,CN1C2=NC(=NC=C2C=C(C1=O)C3=C(C=CC=C3Cl)Cl)NC4=CC(=CC=C4)SC,CC1=C(NC(=C1C(=O)N2CCC[C@@H]2CN3CCCC3)C)/C=C\4/C5=C(C=CC(=C5)S(=O)(=O)CC6=C(C=CC=C6Cl)Cl)NC4=O,C1COCCN1C2=NC(=NC3=C2OC4=C3C=CC=N4)C5=CC(=CC=C5)O,C[C@@]12[C@@H]([C@@H](C[C@@H](O1)N3C4=CC=CC=C4C5=C6C(=C7C8=CC=CC=C8N2C7=C53)CNC6=O)N(C)C(=O)C9=CC=CC=C9)OC,CCCS(=O)(=O)NC1=C(C(=C(C=C1)F)C(=O)C2=CNC3=NC=C(C=C23)Cl)F,CC(C)N1C2=C(C(=C3C=C4C=C(C=CC4=N3)O)N1)C(=NC=N2)N,C1=CC=C2C(=C1)C(=NN=C2NC3=CC=C(C=C3)Cl)CC4=CC=NC=C4,CC1(C(=O)NC2=C(O1)C=CC(=N2)NC3=NC(=NC=C3F)NC4=CC(=C(C(=C4)OC)OC)OC)C,COC1=C(C(=C(C=C1)F)F)C(=O)C2=CN=C(N=C2N)NC3CCN(CC3)S(=O)(=O)C,CS(=O)C1=CC=C(C=C1)C2=NC(=C(N2)C3=CC=NC=C3)C4=CC=C(C=C4)F,CN1C=C(C=N1)C2=NN3C(=NN=C3SC4=CC5=C(C=C4)N=CC=C5)C=C2,CN1CCN(CC1)CCCOC2=C(C=C3C(=C2)N=CC(=C3NC4=CC(=C(C=C4Cl)Cl)OC)C#N)OC,CNC(=O)C1=NC=CC(=C1)OC2=CC=C(C=C2)NC(=O)NC3=CC(=C(C=C3)Cl)C(F)(F)F,C[C@@]12[C@@H]([C@@H](C[C@@H](O1)N3C4=CC=CC=C4C5=C6C(=C7C8=CC=CC=C8N2C7=C53)CNC6=O)NC)OC,CC1=C(NC(=C1C(=O)NC[C@@H](CN2CCOCC2)O)C)/C=C\3/C4=C(C=CC(=C4)F)NC3=O,CCN(CC)CCNC(=O)C1=C(NC(=C1C)/C=C\2/C3=C(C=CC(=C3)F)NC2=O)C,CC(C)S(=O)(=O)C1=CC=CC=C1NC2=NC(=NC=C2Cl)NC3=C(C=C(C=C3)N4CCC(CC4)N5CCN(CC5)C)OC,C1=CC(=CC(=C1)O)C2=NC3=C(N=C2C4=CC(=CC=C4)O)N=C(N=C3N)N,CC1=CN=C(N=C1NC2=CC(=CC=C2)S(=O)(=O)NC(C)(C)C)NC3=CC=C(C=C3)OCCN4CCCC4,CN1CCC(CC1)COC2=C(C=C3C(=C2)N=CN=C3NC4=C(C=C(C=C4)Br)F)OC,CC1=CC(=NN1)NC2=NC(=NC(=C2)N3CCN(CC3)C)SC4=CC=C(C=C4)NC(=O)C5CC5,C1=CC(=C(C(=C1)Cl)C2=C3C=CC(=NN3C=NC2=O)SC4=C(C=C(C=C4)F)F)Cl
Accession Number,Entrez Gene Symbol,Kinase,Name,CC1=C2C=C(C=CC2=NN1)C3=CC(=CN=C3)OC[C@H](CC4=CC=CC=C4)N,CC1=C(C=C(C=C1)NC(=O)C2=CC=C(C=C2)CN3CCN(CC3)C)NC4=NC(=CS4)C5=CN=CC=C5,CC1=CC(=C(C=C1)F)NC(=O)NC2=CC=C(C=C2)C3=C4C(=CC=C3)NN=C4N,CC(C)(C)C1=CC(=NO1)NC(=O)NC2=CC=C(C=C2)C3=CN4C5=C(C=C(C=C5)OCCN6CCOCC6)SC4=N3,CNC(=O)C1=CC=CC=C1SC2=CC3=C(C=C2)C(=NN3)/C=C/C4=CC=CC=N4,CC1(CNC2=C1C=CC(=C2)NC(=O)C3=C(N=CC=C3)NCC4=CC=NC=C4)C,CCN1CCN(CC1)CC2=C(C=C(C=C2)NC(=O)NC3=CC=C(C=C3)OC4=NC=NC(=C4)NC)C(F)(F)F,C1CNCCC1NC(=O)C2=C(C=NN2)NC(=O)C3=C(C=CC=C3Cl)Cl,CCN(CCCOC1=CC2=C(C=C1)C(=NC=N2)NC3=NNC(=C3)CC(=O)NC4=CC(=CC=C4)F)CCO,CC1=CC2=C(N1)C=CC(=C2F)OC3=NC=NC4=CC(=C(C=C43)OC)OCCCN5CCCC5,CN1C=NC2=C1C=C(C(=C2F)NC3=C(C=C(C=C3)Br)Cl)C(=O)NOCCO,CC[C@@H]1C(=O)N(C2=CN=C(N=C2N1C3CCCC3)NC4=C(C=C(C=C4)C(=O)NC5CCN(CC5)C)OC)C,CN1CCN(CC1)CC(=O)N(C)C2=CC=C(C=C2)N/C(=C\3/C4=CC=CC=C4NC3=O)/C5=CC=CC=C5,CN(C)C/C=C/C(=O)NC1=C(C=C2C(=C1)C(=NC=N2)NC3=CC(=C(C=C3)F)Cl)O[C@H]4CCOC4,CC1=CC=C(C=C1)N2C(=CC(=N2)C(C)(C)C)NC(=O)NC3=CC=C(C4=CC=CC=C43)OCCN5CCOCC5,CC1=CC2=C(C=C1)N=C(C3=NC=C(N23)C)NCCN,CC(C)(C)C1=CN=C(O1)CSC2=CN=C(S2)NC(=O)C3CCNCC3,CC1=CC2=C(N1)C=CC(=C2F)OC3=NC=NN4C3=C(C(=C4)OC[C@@H](C)O)C,C[C@@]12[C@](C[C@@H](O1)N3C4=CC=CC=C4C5=C6C(=C7C8=CC=CC=C8N2C7=C53)CNC6=O)(CO)O,CN1CCN(CC1)C2=CC3=C(C=C2)N/C(=C/4\C(=C5C(=NC4=O)C=CC=C5F)N)/N3,CN1C2=C(C=C(C=C2)OC3=CC(=NC=C3)C4=NC=C(N4)C(F)(F)F)N=C1NC5=CC=C(C=C5)C(F)(F)F,C=CC(=O)NC1=C(C=C2C(=C1)C(=NC=N2)NC3=CC(=C(C=C3)F)Cl)OCCCN4CCOCC4,C1CC1CONC(=O)C2=C(C(=C(C=C2)F)F)NC3=C(C=C(C=C3)I)Cl,C[C@@H]1CCN(C[C@@H]1N(C)C2=NC=NC3=C2C=CN3)C(=O)CC#N,C[C@H](C1=C(C=CC(=C1Cl)F)Cl)OC2=C(N=CC(=C2)C3=CN(N=C3)C4CCNCC4)N,CC1=C(C(=CC=C1)Cl)NC(=O)C2=CN=C(S2)NC3=NC(=NC(=C3)N4CCN(CC4)CCO)C,COCCOC1=C(C=C2C(=C1)C(=NC=N2)NC3=CC=CC(=C3)C#C)OCCOC,COC1=CC2=C(C=CN=C2C=C1OCCCN3CCOCC3)OC4=C(C=C(C=C4)NC(=O)C5(CC5)C(=O)NC6=CC=C(C=C6)F)F,CN1CC[C@@H]([C@@H](C1)O)C2=C(C=C(C3=C2OC(=CC3=O)C4=CC=CC=C4Cl)O)O,C1C/C(=N\O)/C2=C1C=C(C=C2)C3=CN(N=C3C4=CC=NC=C4)CCO,CS(=O)(=O)N1CCN(CC1)CC2=CC3=C(S2)C(=NC(=N3)C4=C5C=NNC5=CC=C4)N6CCOCC6,COC1=C(C=C2C(=C1)N=CN=C2NC3=CC(=C(C=C3)F)Cl)OCCCN4CCOCC4,CNC(=O)C1=C(C=CC=C1F)NC2=NC(=NC3=C2C=CN3)NC4=C(C=C5CCN(C5=C4)C(=O)CN(C)C)OC,C[C@H](C1=CC=CC=C1C(F)(F)F)OC2=C(SC(=C2)N3C=NC4=C3C=C(C=C4)CN5CCN(CC5)C)C(=O)N,CCN1C2=C(C(=NC=C2OC[C@H]3CCCNC3)C#CC(C)(C)O)N=C1C4=NON=C4N,COC1=CC=C(C=C1)COC2=C(C=C(C=C2)CC3=CN=C(N=C3N)N)OC,CCOC1=C(C=C2C(=C1)N=CC(=C2NC3=CC(=C(C=C3)OCC4=CC=CC=N4)Cl)C#N)NC(=O)/C=C/CN(C)C,CC1=C(C=C(C=C1)NC(=O)C2=CC=C(C=C2)CN3CCN(CC3)C)NC4=NC=CC(=N4)C5=CN=CC=C5,C1CCC(C1)[C@@H](CC#N)N2C=C(C=N2)C3=C4C=CNC4=NC=N3,CN(C)CC(=O)N1CCC(CC1)C2=CC(=C(C=C2)NC(=O)C3=NC=C(N3)C#N)C4=CCCCC4,CC(C1=NC=CS1)NC(=O)NC2=C(C=C(C=C2)OC3=C4C=C(C(=CC4=NC=C3)OC)OC)OC,C1CN(CCN1)C(=O)C2=CC=C(C=C2)/C=C/C3=NNC4=CC=CC=C43,CS(=O)(=O)CCNCC1=CC=C(O1)C2=CC3=C(C=C2)N=CN=C3NC4=CC(=C(C=C4)OCC5=CC(=CC=C5)F)Cl,CN1C=C(C2=CC=CC=C21)C3=C(C(=O)NC3=O)C4=CN(C5=CC=CC=C54)C6CCN(CC6)CC7=CC=CC=N7,CN(C)C[C@@H]1CCN2C=C(C3=CC=CC=C32)C4=C(C5=CN(CCO1)C6=CC=CC=C65)C(=O)NC4=O,CC1=C(C=CC=N1)C(=O)NC2=C3C(=CC(=C2OC)Cl)C4=C(N3)C=NC=C4,CC(C)OC1=CC=C(C=C1)NC(=O)N2CCN(CC2)C3=NC=NC4=CC(=C(C=C43)OC)OCCCN5CCCCC5,C1C2=CN=C(N=C2C3=C(C=C(C=C3)Cl)C(=N1)C4=C(C=CC=C4F)F)NC5=CC=C(C=C5)C(=O)O,CC1=C(C=C(C=C1)C(=O)NC2=CC(=CC(=C2)N3C=C(N=C3)C)C(F)(F)F)NC4=NC=CC(=N4)C5=CN=CC=C5,CC1=C(C=C(C=C1)NC2=NC=CC(=N2)N(C)C3=CC4=NN(C(=C4C=C3)C)C)S(=O)(=O)N,CN1C2=NC(=NC=C2C=C(C1=O)C3=C(C=CC=C3Cl)Cl)NC4=CC(=CC=C4)SC,CC1=C(NC(=C1C(=O)N2CCC[C@@H]2CN3CCCC3)C)/C=C\4/C5=C(C=CC(=C5)S(=O)(=O)CC6=C(C=CC=C6Cl)Cl)NC4=O,C1COCCN1C2=NC(=NC3=C2OC4=C3C=CC=N4)C5=CC(=CC=C5)O,C[C@@]12[C@@H]([C@@H](C[C@@H](O1)N3C4=CC=CC=C4C5=C6C(=C7C8=CC=CC=C8N2C7=C53)CNC6=O)N(C)C(=O)C9=CC=CC=C9)OC,CCCS(=O)(=O)NC1=C(C(=C(C=C1)F)C(=O)C2=CNC3=NC=C(C=C23)Cl)F,CC(C)N1C2=C(C(=C3C=C4C=C(C=CC4=N3)O)N1)C(=NC=N2)N,C1=CC=C2C(=C1)C(=NN=C2NC3=CC=C(C=C3)Cl)CC4=CC=NC=C4,CC1(C(=O)NC2=C(O1)C=CC(=N2)NC3=NC(=NC=C3F)NC4=CC(=C(C(=C4)OC)OC)OC)C,COC1=C(C(=C(C=C1)F)F)C(=O)C2=CN=C(N=C2N)NC3CCN(CC3)S(=O)(=O)C,CS(=O)C1=CC=C(C=C1)C2=NC(=C(N2)C3=CC=NC=C3)C4=CC=C(C=C4)F,CN1C=C(C=N1)C2=NN3C(=NN=C3SC4=CC5=C(C=C4)N=CC=C5)C=C2,CN1CCN(CC1)CCCOC2=C(C=C3C(=C2)N=CC(=C3NC4=CC(=C(C=C4Cl)Cl)OC)C#N)OC,CNC(=O)C1=NC=CC(=C1)OC2=CC=C(C=C2)NC(=O)NC3=CC(=C(C=C3)Cl)C(F)(F)F,C[C@@]12[C@@H]([C@@H](C[C@@H](O1)N3C4=CC=CC=C4C5=C6C(=C7C8=CC=CC=C8N2C7=C53)CNC6=O)NC)OC,CC1=C(NC(=C1C(=O)NC[C@@H](CN2CCOCC2)O)C)/C=C\3/C4=C(C=CC(=C4)F)NC3=O,CCN(CC)CCNC(=O)C1=C(NC(=C1C)/C=C\2/C3=C(C=CC(=C3)F)NC2=O)C,CC(C)S(=O)(=O)C1=CC=CC=C1NC2=NC(=NC=C2Cl)NC3=C(C=C(C=C3)N4CCC(CC4)N5CCN(CC5)C)OC,C1=CC(=CC(=C1)O)C2=NC3=C(N=C2C4=CC(=CC=C4)O)N=C(N=C3N)N,CC1=CN=C(N=C1NC2=CC(=CC=C2)S(=O)(=O)NC(C)(C)C)NC3=CC=C(C=C3)OCCN4CCCC4,CN1CCC(CC1)COC2=C(C=C3C(=C2)N=CN=C3NC4=C(C=C(C=C4)Br)F)OC,CC1=CC(=NN1)NC2=NC(=NC(=C2)N3CCN(CC3)C)SC4=CC=C(C=C4)NC(=O)C5CC5,C1=CC(=C(C(=C1)Cl)C2=C3C=CC(=NN3C=NC2=O)SC4=C(C=C(C=C4)F)F)Cl
AAA61480.1,CLK1,CLK1,AAA61480.1|CLK1|CLK1,1.4,,8900,,,,110,990,,,,940,8.8,,,,410,,9.6,6800,,,,,,,,550,1700,,1100,,21,,,,,4500,,900,,64,,510,910,640,630,,2100,,,730,3900,350,6600,910,,1200,66,,,600,7500,32,360,22,12,140,2500,,,
AAA75374.1,NTRK3,TRKC,AAA75374.1|NTRK3|TRKC,,,210,550,,,34,,,,,,32,,190,,,,14,190,,,,,82,,,3.4,,,,,,,,120,,,330,68,,250,,,,,2000,,600,,6300,930,,1700,,,,570,,,,3400,600,17,220,5100,,,8600,,200,
AAB40118.1,MAPK12,p38-gamma,AAB40118.1|MAPK12|p38-gamma,,,2000,,,,29,,,,,,,,2.9,,,,370,,,,,,,,,390,,,,,,,,,,,,,,,,,,,,,,,,,,,,,,390,,1500,,,7600,42,,,9400,,,,,
AAB60430.1,MERTK,MERTK,AAB60430.1|MERTK|MERTK,,,870,,3200,,370,,,2600,,3100,8.5,,3700,,,,32,1800,,,,,3.6,,980,0.27,6800,,,,2700,4600,,,400,,,86,460,750,,,,,3500,730,,3300,,1300,,2900,,4700,,170,,,,110,3600,6.4,66,26,19,,820,1400,1700,
AAC05299.1,SRPK2,SRPK2,AAC05299.1|SRPK2|SRPK2,1100,,,,,,,,,,,,36,,,,,,51,290,,,,,,,,,,,,,,,,,,,,2200,,15,,,1100,,,,,,,500,,330,,,,,,,,,,67,200,190,,,100,,680,
AAC77369.1,AURKC,AURKC,AAC77369.1|AURKC|AURKC,8400,,71,,1.3,1900,740,,4.4,2100,,,190,,,,5000,,4.1,1100,,2800,1800,,4300,,600,12,,,,,,,,,,,8700,3000,150,59,,,,,1600,26,,750,5100,300,,170,2500,,,41,,,,,210,23,810,220,33,,350,1500,6.3,
AAD20442.1,CAMK2D,CAMK2D,AAD20442.1|CAMK2D|CAMK2D,270,,,,,,,,,,,2400,,,,,,,8.8,,,,,2700,,,6400,,1600,,,,,620,,,,,90,,,,,2800,4600,,,,,,,2900,,36,,,,3000,1400,,,,,0.32,760,420,570,,590,,,
AAF03095.1,TLK2,TLK2,AAF03095.1|TLK2|TLK2,,,,,,,,,,,,,,,,,,,64,2600,,,,,,,,,,,,,,,,,,,,,,1800,,1400,,,,,,,,,,,,,,380,,,,2100,,16,270,330,,,2000,,,
AAH00442.2,AURKB,AURKB,AAH00442.2|AURKB|AURKB,,,390,,11,,4400,,4.6,3200,,,420,,,,,,16,280,,4200,,,76,,1400,43,,,,,,,,,,,,2900,160,88,,,,,1700,43,,,,2000,,62,2300,,,110,,,,,440,19,340,380,150,,490,,7.4,
BAA36547.1,PRKAA1,AMPK-alpha1,BAA36547.1|PRKAA1|AMPK-alpha1,,,,,,,1400,,,,,,87,,,,8200,,25,520,4500,,,,2400,,,730,,,,,,,,,,,,200,,430,,,,,,,,,,310,,180,,,,300,,,,3900,,3.7,100,19,27,,2400,3000,1100,
BAA76843.2,KIAA0999,QSK,BAA76843.2|KIAA0999|QSK,,,,,,,,,,,,,,,,,,,120,,,700,,,,28,,,,,,,,,,,,,1300,,,2300,,,,,,,,,99,,,98,,2900,,,,3900,,64,,0.46,,,1300,,1900,3900,,
CAA06700.1,STK16,STK16,CAA06700.1|STK16|STK16,,,,,370,,,,,,,1100,18,,,,,,19,1500,,,,,,,,,,,1100,,7300,,,,,,490,18,,29,,2500,,,,,,360,,4800,,280,1900,4000,,1.7,,,,,,270,730,250,800,540,6.6,,610,
CAA47004.1,PCTK2,PCTK2,CAA47004.1|PCTK2|PCTK2,1900,,,,,,15,0.95,,,,,93,,,,13,,720,3000,,,,,,,,170,480,,,,,,,,,,,,,1900,,,,,,,,,,880,,,,,,330,0.86,,,,1600,96,,1200,810,,350,,5600,
CAA52777.1,DDR2,DDR2,CAA52777.1|DDR2|DDR2,,26,3800,1100,5300,,11,,6600,48,,,42,,33,,,,400,8600,960,,,,,3.2,,3.6,,,,,,,,,,15,,100,88,2100,,,,,120,,33,98,12,7600,,,4100,6100,,43,,5000,,140,6.6,42,9900,2900,4100,,950,320,230,
NP_000011.1,ACVRL1,ACVRL1,NP_000011.1|ACVRL1|ACVRL1,,,,,,,,,,,,,4200,,,,,,2200,,,,,,,460,,,4500,,,,,,,,,,,1900,,,,,,,,,,,69,,,,,2.9,,,,,,,,,,,57,,2400,470,9500,
NP_000052.1,BTK,BTK,NP_000052.1|BTK|BTK,,,,,,,,,1200,4300,,,310,,,,,,66,,,1600,,,7800,1.4,,76,,,,,,,,,160,,,77,7400,1000,,,,,,4200,,,220,,,,,3200,,190,,,,4.8,,210,4000,2100,23,,850,1700,4400,
NP_000066.1,CDK4,CDK4-cyclinD1,NP_000066.1|CDK4|CDK4-cyclinD1,,,,,,,1300,20,,,,,160,,,,69,,30,1200,,,,,,,,,9,,,,,,,,,,,5000,,820,,,280,,,,,,,2500,,,,7300,,,0.61,,,,,50,4900,6200,1400,,5000,,,
NP_000066.1,CDK4,CDK4-cyclinD3,NP_000066.1|CDK4|CDK4-cyclinD3,,,,,,,630,12,,,,1900,720,,,,66,,35,2900,,,,,,,,,3.3,,,,,,,,,,,,,730,,,280,,,,,,,380,,,,8600,,,0.81,,,,,20,7100,2000,400,,870,,,
NP_000133.1,FGFR3,FGFR3,NP_000133.1|FGFR3|FGFR3,,,,,210,,3900,,,23,,,93,,,,,160,580,230,,,,,2700,3900,,910,,,,,,,,,,,,1100,,1200,,,,,,1200,,740,48,5200,,1700,,660,,56,,,,,4200,88,560,290,95,,360,1600,860,
NP_000133.1,FGFR3,FGFR3(G697C),NP_000133.1|FGFR3|FGFR3(G697C),,,,,210,,3000,,,35,,,140,,,,,150,730,370,,,,,3500,,,1600,,,,,,,,,,,,1600,,280,,,,,,1300,,620,46,,,,,770,,67,,,,,5900,310,380,1400,120,,760,6900,820,
NP_000199.2,INSR,INSR,NP_000199.2|INSR|INSR,,,,,,,2200,,,,,,24,,,,,,1100,,,,,,340,,,210,,,,,1.7,,,,3000,,,330,,400,,,,,,,,,,2300,,,,,,1100,,,,,,110,1200,500,2.4,,850,,630,
NP_000206.2,JAK3,JAK3(JH1domain-catalytic),NP_000206.2|JAK3|JAK3(JH1domain-catalytic),1500,,,,3100,,260,,,,,,8.2,,,,,,2.3,410,,630,,0.16,200,640,700,,1600,,,,4700,,,,2000,,2,18,,39,,1700,1200,,,,,6900,510,470,,12,,86,,36,,,,1200,7300,12,580,1200,17,,74,,630,
NP_000213.1,KIT,KIT,NP_000213.1|KIT|KIT,,8.1,2,4.8,3.2,3.7,5.4,,17,0.38,,,5.7,,170,,,36,150,7.5,200,7800,,,,0.81,1700,2.5,,,,,,,,,,13,,3.6,0.69,53,,,,,2.7,,29,2.8,1.8,3200,,220,180,360,5.1,6.8,,,,420,28,19,0.68,0.37,110,,130,260,240,
NP_000213.1,KIT,KIT(A829P),NP_000213.1|KIT|KIT(A829P),,12,17,3.6,1800,15,4.4,,600,98,,,87,,1400,,,,35,45,990,700,,,,0.66,,3.2,8800,,,1800,,7200,1800,,,15,6300,60,38,860,,,4100,,23,,46,33,59,4300,,43,5800,1600,,3.5,,,,270,20,0.6,54,43,220,,46,34,380,
NP_000213.1,KIT,KIT(D816H),NP_000213.1|KIT|KIT(D816H),4300,1500,1100,320,4200,180,67,,2900,820,,,310,,,,,,11,170,8700,600,,,,1.6,,36,9000,,,5500,,,360,,,560,6300,48,7000,240,,,1500,,120,,540,1000,470,4000,,16,,3500,,6.5,,,,180,430,0.43,310,110,140,,160,420,1900,
NP_000213.1,KIT,KIT(D816V),NP_000213.1|KIT|KIT(D816V),1000,1300,81,150,1300,410,360,,4600,390,,,47,,,,,4000,7.1,1400,6200,3900,,,3700,2.6,1600,9.6,4600,,,4300,,1600,130,,,980,7100,18,580,160,,1100,760,,29,,770,500,35,590,,7.7,3100,300,,2.5,,,,73,310,0.64,340,380,26,,160,290,290,
NP_000213.1,KIT,KIT(L576P),NP_000213.1|KIT|KIT(L576P),,7.9,1.9,6.3,1.7,1.3,2.1,,34,0.54,,,2.7,,260,3900,,54,40,1.6,83,5700,,,,0.57,3500,2.7,,,,,,,2600,,,14,,2.3,0.86,21,,5200,7900,,6,,22,1.8,3.7,1300,,41,400,290,110,5.6,,,,520,25,22,0.29,1.3,49,,120,140,230,
NP_000213.1,KIT,KIT(V559D),NP_000213.1|KIT|KIT(V559D),,5.8,1.7,5,0.49,3.2,5,,15,0.27,,,6.3,,230,5700,,35,76,7.2,170,7900,,,,0.68,3100,2.1,,,,,,,7300,,,15,,7.7,0.46,23,,,,,3.8,,46,2.3,1.6,2500,,200,38,260,17,5.7,,,,430,16,15,0.51,0.41,81,,58,180,240,
NP_000213.1,KIT,KIT(V559D;T670I),NP_000213.1|KIT|KIT(V559D;T670I),,,3.8,6,1.4,13,18,,7.9,0.32,,,2.9,,260,,,17,45,26,240,1900,,,800,,1300,2.4,,,,,,,1000,,,2500,,39,10,12,,,9800,,1100,,150,6.5,,,,150,,1700,,11,,,,,18,9.5,0.56,0.28,130,,1500,2000,430,
NP_000213.1,KIT,KIT(V559D;V654A),NP_000213.1|KIT|KIT(V559D;V654A),,4.7,21,36,3.5,23,100,,480,0.31,,,29,,2400,,,12,380,3.1,850,7900,,,,2.7,,7.6,,,,,,,3500,,,91,,6,3.2,76,,,,,26,,260,30,68,7200,,1600,4800,,210,410,,,,130,240,38,0.25,0.21,1200,,3500,560,2300,
NP_000236.2,MET,MET,NP_000236.2|MET|MET,,,1300,,820,,4400,,,370,,2400,200,2200,,,,,290,,6200,5600,,,2.1,,3800,1.4,,,,,,,,,4000,,,670,870,170,,2800,,,,,,2000,830,0.27,,690,,,,280,,,0.19,2200,,190,,7200,170,,8500,5700,670,
NP_000236.2,MET,MET(M1250T),NP_000236.2|MET|MET(M1250T),,,690,,1100,,93,,,580,,,340,6000,,,,,480,,,1700,,,0.55,,2800,1,,,,,,,,,6700,,,4100,1500,210,,,,,,,,3400,1100,0.64,,2100,,,,230,,,0.82,6800,,130,3200,1200,64,,4400,,480,
NP_000236.2,MET,MET(Y1235D),NP_000236.2|MET|MET(Y1235D),,,2600,,990,,740,,5700,560,,,460,2600,,,,,41,,1400,830,,,1.5,,1100,0.82,,,,3500,,,,,4200,,,5400,560,570,,8400,,,,,,2100,850,0.83,,560,,,,760,,7900,3.9,3100,,140,,4700,180,,,4100,360,
NP_000285.1,PHKG2,PHKG2,NP_000285.1|PHKG2|PHKG2,2600,,,,,,,,,,,1600,260,470,,,460,,1.7,9000,,,,,,,,,2900,,,2700,2100,,,,,,1000,1700,,140,,,,,,,,,,2400,,1400,,760,,940,,,,1300,,0.14,100,5.9,13,,1600,7900,4400,
NP_000446.1,STK11,LKB1,NP_000446.1|STK11|LKB1,,,,,,,,,,,,,18,,,,,,57,3700,,,,,,,,,,,,,,,,,,,,,,240,,,5900,,,,,,,2600,,350,,,,3400,,,,,,61,360,38,,,310,,1300,
NP_000450.2,TEK,TIE2,NP_000450.2|TEK|TIE2,,,450,,310,,19,,1900,140,,,1400,,20,,,440,630,,1300,,,,270,,,3.1,,,,,,,,,3000,,,,,1100,,,,,,300,1000,3300,280,6700,,1900,,2200,,310,,,,3900,2100,140,,,46,,1900,1000,450,
NP_000866.1,IGF1R,IGF1R,NP_000866.1|IGF1R|IGF1R,,,,,,,,,,,,,62,,,,,,4200,,,,,,780,,,430,,,,,7,,,,,,,1100,,920,,,,,,,,,,,,,,,,1300,,,,,,210,,2600,2.7,,2200,,740,
NP_001001671.2,MAP3K15,MAP3K15,NP_001001671.2|MAP3K15|MAP3K15,,,,,,,,,,,,,1400,,,,,,3.4,,,,,,2800,,,,,,,,,,,,,,1100,2500,,,,,,,,,,,,,,,,,,,,,,,,2.5,1200,1300,800,,,,,
NP_001001852.1,PIM3,PIM3,NP_001001852.1|PIM3|PIM3,140,720,,,,,,,,,,,,,,,,,18,,,,,,,,,,600,,,5800,,1100,750,,,,,1700,,,,1100,12,,,,,,,,,560,,3000,,,,,,,,0.51,2400,2400,,,,,,
NP_001005735.1,CHEK2,CHEK2,NP_001005735.1|CHEK2|CHEK2,9800,,,,,,360,,1400,,,7700,,,,,,,210,,,,,,,,,57,,,,800,280,,5300,,850,,,,,95,,,3700,,,,,,,,,,,2900,,,,,,120,,74,40,10,72,,,,,
NP_001005862.1,ERBB2,ERBB2,NP_001005862.1|ERBB2|ERBB2,,1200,,,,,,,4300,3000,,,,5,,,,,,,,56,,,,1400,2900,580,,,,3500,,,,,6,,,,,,7,,,,,,,,,,,,,2900,,,,,,2500,,190,,,540,440,,2600,,
NP_001006933.1,RPS6KA2,RSK3(Kin.Dom.2-C-terminal),NP_001006933.1|RPS6KA2|RSK3(Kin.Dom.2-C-terminal),,,,,,,1100,,,,,700,,,,,,,1200,,,,,600,,,,,1500,,,,,,,,,,150,,,7500,,,,,,,,,,,,,,,,,390,,,,,190,9600,8400,160,,2300,,,
NP_001006945.1,RPS6KA4,RPS6KA4(Kin.Dom.1-N-terminal),NP_001006945.1|RPS6KA4|RPS6KA4(Kin.Dom.1-N-terminal),,,7200,,,,1900,,,,,,620,,,,,,62,590,,,,,,,,,1300,,,,,,,,,,,3200,,2200,,2500,6100,,,,,,,,,260,,,,,,,,,,120,200,96,2500,,,,,
NP_001010938.1,TNK2,TNK2,NP_001010938.1|TNK2|TNK2,,,,,6000,,,,,,,,1600,,,,,,6.6,,,,,,760,5.6,,200,,,,,,,,,680,,2600,870,250,1600,,,,,,,,,27,,,120,1100,9600,,70,,,,29,,16,4900,8900,2,,64,,4400,
NP_001012331.1,NTRK1,TRKA,NP_001012331.1|NTRK1|TRKA,,,3100,2300,1800,,320,,,,,,4.5,,1000,,,,8.3,100,,,,,95,,,4.8,,,,,,,,630,,,1500,56,,270,,,,,450,,,,,320,,380,,8600,,170,,,,3100,6300,4,480,100,460,,840,,38,
NP_001012418.1,MYLK4,MYLK4,NP_001012418.1|MYLK4|MYLK4,1500,,,,,,,,,,,,440,,,700,2400,,29,80,,,,,,,,,,,780,,,,,,,,,870,,170,,230,,,,,,,,,,640,3400,,,810,,,,,,470,32,15,,,130,,2200,
NP_001013725.2,EIF2AK4,GCN2(Kin.Dom.2;S808G),NP_001013725.2|EIF2AK4|GCN2(Kin.Dom.2;S808G),,,,,,4400,,,,,,,2000,,,,,,4.1,250,55,,,,,1600,4400,,,,,,,4100,,,96,,,81,,330,,,,,,,,,26,3400,,39,1300,,,3.3,,,,270,,16,470,180,1100,,100,,1900,
NP_001014834.1,PAK4,PAK4,NP_001014834.1|PAK4|PAK4,980,,,,4500,,,,,,,,3000,,,,,,24,,,,,,,,,,,,,,,,18,,,,1600,1500,,1500,,,,,,,,,,,,,,1000,,96,,,,,,6.3,1200,2300,2000,,3800,,4300,
NP_001019572.1,SBK1,SBK1,NP_001019572.1|SBK1|SBK1,,,,,,,,,,,,,110,4800,,,,,200,1500,,,,,1300,1200,1200,,,,,560,,,,,,,1300,3100,,580,,,,,,,,,,,,,,,,93,,,,,,3.2,620,200,21,,790,,,
NP_001020108.1,MINK1,MINK,NP_001020108.1|MINK1|MINK,100,,,,560,,7.8,,,540,,1600,82,,310,,,310,3.6,9.1,,2100,,,4400,430,1300,2600,1300,1000,,1800,,,,,29,,,81,2600,25,,3500,310,,,,,,600,250,,170,7100,180,,,,,,3.2,,1,69,29,330,,8900,3400,1100,
NP_001035351.3,DCLK2,DCAMKL2,NP_001035351.3|DCLK2|DCAMKL2,,,,,,,,2600,,,,,,,,,1000,,4500,,,,,,370,,,,,,,,,,,,,,760,,,,,,,,,,,,,990,,,,,,,,,,,,73,3700,2700,16,,870,,,
NP_001036064.1,ERBB4,ERBB4,NP_001036064.1|ERBB4|ERBB4,,,,,,,,,470,1400,,,,6.3,,,,,1400,,,6.5,,,,55,230,610,5000,,,410,2400,,,,2.4,,,,7000,,54,,,,,,,,940,,,3100,,,,600,,4800,,26,,770,,,280,2100,2000,480,,
NP_001036065.1,MAP4K1,HPK1,NP_001036065.1|MAP4K1|HPK1,,,830,,330,,210,,,920,,,35,,,,,,38,44,,,,,39,980,,44,3300,,,,,,,,93,,,370,,63,,1800,2600,,,,890,750,210,150,,2100,,2100,,1400,,,,15,4800,4.3,15,16,140,,1300,5500,72,
NP_001073917.2,EPHA6,EPHA6,NP_001073917.2|EPHA6|EPHA6,,,330,9100,,490,380,,,36,,,940,340,2000,,,190,1200,,1500,270,,,65,2100,440,1.1,,,,590,,,,,,,,4400,,1500,,,,,,580,640,,70,,,,,210,,120,,1200,,1100,370,290,2000,960,120,,3900,50,4700,
NP_001077084.1,MYO3B,MYO3B,NP_001077084.1|MYO3B|MYO3B,,,3200,,,,84,,,,,3500,2700,,,,,,770,,,,,,,,,690,,,,,,,,,,,,,,6000,,,,,,,,,,,,,,2100,,,,,,2300,7100,300,,4500,81,,,,,
NP_001092906.1,ULK3,ULK3,NP_001092906.1|ULK3|ULK3,,,,,670,,57,,,,,,60,,,,,,4.9,170,,4700,,6400,6700,4600,920,450,,,,,,,,,,,2400,900,,120,,,,,,,,,,,,1300,,9900,,7.1,,,,460,,1.2,42,42,11,,290,6400,310,
NP_001096.1,ACVR1,ACVR1,NP_001096.1|ACVR1|ACVR1,,,,,,,,,,3400,,,600,,,,,,75,,,1700,,,440,620,,,1900,,,,,,,,,,,390,,140,,,,,2500,,,,160,,,,,4,,4800,,,,,,470,,,29,,150,150,1900,
NP_001097.2,ACVR2B,ACVR2B,NP_001097.2|ACVR2B|ACVR2B,,,,,5200,,1400,,,,,,,,,,,,3800,,,,,,,570,,,2400,,,,,,,,,,,,,370,,,,,,,,2400,9.1,,,,3200,7.6,,,,,,,,4600,,,4300,,,,,
NP_001106195.1,STK32A,YANK1,NP_001106195.1|STK32A|YANK1,,,640,,,,,,,,,,,,,,,,2100,,,,,,,,,,5500,,,,,,,,,,,,,4400,,,,,,,,,2500,,,2400,,690,,2300,,1300,,1800,,13,,,13,,,5000,,
NP_001107047.1,CDKL3,CDKL3,NP_001107047.1|CDKL3|CDKL3,1100,,,,,,3.9,,,,,,,,,,1400,,430,,,,,,,,,4400,,,,,,,,,,,,,,,,,,,,,,,,,,,,,,,,,,,490,5100,,,,,,,350,
NP_001129025.1,MKNK1,MKNK1,NP_001129025.1|MKNK1|MKNK1,,,4900,,,,26,,,,,,,1800,6300,,3800,,56,,,260,,,,,690,72,,,,290,,,,,,,,,,,,,7100,,,,,,,,,,,6700,,230,,,,,230,170,5100,3900,,880,7300,360,,
NP_001129110.1,PIP5K1A,PIP5K1A,NP_001129110.1|PIP5K1A|PIP5K1A,250,,,,,,,,,,,,49,,,,,,36,1900,,,,,3200,,,,,,,,,770,,,,,,590,,51,,,690,,,,,,,280,,310,,,,1900,,,,3300,,43,130,5400,9700,1800,66,,130,
NP_001194.1,BMPR1B,BMPR1B,NP_001194.1|BMPR1B|BMPR1B,,,710,,2900,,,,,,,,,,,,,,57,,,2600,,,230,53,,,450,1800,,,,,,,,,1800,370,2200,120,,,,,,,,1000,4,,,,3100,2.1,,720,,3300,,,,170,3700,2400,0.85,,410,240,1100,
NP_001195.2,BMPR2,BMPR2,NP_001195.2|BMPR2|BMPR2,,,7800,,,,,,,,,,56,,,,,,1500,3100,,,,,,,,,,,,,,,,,,,930,310,,370,,,,,,,,,,6200,,,,89,,,,,,580,,2300,200,570,3900,,2900,,7100,
NP_001211.3,CAMK2B,CAMK2B,NP_001211.3|CAMK2B|CAMK2B,970,,,,,,,,,,,4200,,,,,,,59,,,,,,,,,,4700,,,,,2900,,,,,310,,,,,,,,,,,,,,,210,,,,,890,,,,,1.3,2300,1400,1900,,6800,,,
NP_001249.1,CDK3,CDK3,NP_001249.1|CDK3|CDK3,2700,,,,,,140,60,,,,,,,,,56,,420,,,,,,,,,,410,,,,,,,,,,,,,,,1100,,,,,,,,,,,,,,,3.2,,,,3800,30,,,,,,,,
NP_001251.1,CDK8,CDK8,NP_001251.1|CDK8|CDK8,3500,,95,,,,1.4,,,,,,,,220,,1200,,8000,,,,,,,,,130,120,,,,,,,,,,,,,,,,,,,,,,,,,,1900,6300,4500,,,,,,310,510,,,,,,,,
NP_001252.1,CDK9,CDK9,NP_001252.1|CDK9|CDK9,180,,3000,,,,190,5.8,,,,,,,,1900,76,,530,,,,,,,,,1600,6.4,,,,,,,,,,,,,,,1300,,,,,,,,1800,,,,,,,15,,,,,100,,,,,8800,,,
NP_001265.2,CHEK1,CHEK1,NP_001265.2|CHEK1|CHEK1,,,,,,,,,,,,,290,,,,,,2.8,1200,,,,,,,,,,,,,,,,,5700,,,9.9,,710,,,540,,,,,,,,,1300,,,,2500,,,,3000,,3.2,1200,300,44,,3800,,8700,
NP_001269.3,CHUK,IKK-alpha,NP_001269.3|CHUK|IKK-alpha,,,,,,,41,,,,,,4500,,,1700,,,9,1800,,,,,,,,5900,,,,,,,,,,,,,,180,,,,1000,,,,,,,1700,3800,,,,120,,,,,,5.8,670,520,,,830,,,
NP_001310.2,CSNK1G2,CSNK1G2,NP_001310.2|CSNK1G2|CSNK1G2,380,,,,,,950,,,,,5700,,,,,,,,,,,,,,,,,,,,,,,,,6600,,,,,580,,,,,,,,,,,,,4100,3000,,,,,,,,780,790,110,,2400,,,,
NP_001339.1,DAPK3,DAPK3,NP_001339.1|DAPK3|DAPK3,1200,,,,,,3200,,,,,130,2100,,,,,,82,,,,,,,,6000,3100,,,1800,5700,1200,5500,560,,,,89,4700,,310,,,8000,,,,,,,,840,1800,,41,,13,,,,,,1,170,22,2200,,1.2,,9900,
NP_001424.3,ERN1,ERN1,NP_001424.3|ERN1|ERN1,,,,,,,6000,,,510,,,2000,,,1000,,,5.7,,,,,,,,,,,,,,,,,,,,2500,5700,,3500,,,,,,,,,,,,2300,,,,1600,,,,,,21,1900,600,180,,1200,,5600,
NP_001547.1,IKBKB,IKK-beta,NP_001547.1|IKBKB|IKK-beta,,,,,,,110,,,,,,,,,130,,,12,,,,,,5500,,,,,,,,,,,,,,2300,,,430,,,,19,,,,,,,,6300,,,,71,,,,,,31,5300,,,,360,,,
NP_001560.2,IRAK1,IRAK1,NP_001560.2|IRAK1|IRAK1,3100,,,,3100,,130,,,,,1900,120,240,,,,,6.1,170,,450,,,49,,,,540,,,69,8500,6400,,,2300,1200,290,220,,48,,,,,2700,,,5900,,1600,,,,3700,,9.7,,,,600,,40,26,14,45,,220,1200,,
NP_001607.1,ACVR2A,ACVR2A,NP_001607.1|ACVR2A|ACVR2A,,,,,,,,,,,,,,,,,,,2500,,,,,,,210,,,3100,,,,,,,,,,,,,320,,,,,,,,,10,,,,,18,,,,,,,,8900,,,2200,,,,,
NP_001617.1,AKT2,AKT2,NP_001617.1|AKT2|AKT2,2900,,,,,,,,,,,,,,,,,,2100,,,,,,,,,,,,,,,,2.1,,,,,,,,,,8700,,,,,,,,,780,,,,,,,,,,44,,2700,,,,,,
NP_001690.2,AXL,AXL,NP_001690.2|AXL|AXL,,,340,,420,,570,,390,490,,,12,5300,,,,,35,3800,,5700,,,7.8,,4000,0.093,3500,,,1800,300,,,,190,,,5.3,140,180,,3300,,,6300,440,,,,110,,620,,1200,,82,,,,52,4500,6.8,84,9,12,,160,250,210,
NP_001706.2,BLK,BLK,NP_001706.2|BLK|BLK,,150,,,3100,2200,30,,1500,120,,,380,220,680,,,2000,160,190,7900,45,,,110,0.21,190,5.4,,,,1200,,,,,85,520,,11,120,3500,,,,,,68,500,2600,1.5,1900,,500,1100,240,,25,,,,3.3,,15,750,65,130,,650,66,2200,3100
NP_001712.1,BMX,BMX,NP_001712.1|BMX|BMX,,,,,,,5700,,,,,,,,,,,,200,,,2600,,,3600,1.4,,200,,,,,,,,,,,,780,,1900,,,,,,3100,,,32,,,,,670,,180,,,,200,,170,,,1100,,1200,,2600,
NP_001735.1,CAMK4,CAMK4,NP_001735.1|CAMK4|CAMK4,710,,,,,,3700,,,,,,3700,,,,,,3000,,,,,,,,,,3200,,,,470,,370,,,,,,,,,,,,,,,,,,,,,,,,,,,,,41,2700,890,30,,,,,
NP_001789.2,CDK2,CDK2,NP_001789.2|CDK2|CDK2,,,,,,,450,30,,,,,1400,,,,69,,20,,,,,,,,,,550,,,,,,,,,,,,,,,5000,,,,,,,,,,,,,,,0.53,,,,8700,7,,,5200,,,,,
NP_001790.1,CDK7,CDK7,NP_001790.1|CDK7|CDK7,70,,2900,,,,4.6,2.8,6200,,,3500,300,,3100,680,31,,87,2600,,,,,330,,,3.7,23,,,610,,7700,,,5100,,3300,,,190,,2600,1700,,3100,,,,,130,7200,,,5500,,7700,0.58,,,1200,140,45,930,330,190,,120,4100,,
NP_001883.4,CSNK1A1,CSNK1A1,NP_001883.4|CSNK1A1|CSNK1A1,2100,,,,,,,,,,,3100,,,,,1000,,,,,,,,,,,,3100,,,,,,,,,,1800,,,1200,,,,,,,,,,,,,,360,,,,75,,280,,970,400,99,,830,,,,
NP_001885.1,CSNK1E,CSNK1E,NP_001885.1|CSNK1E|CSNK1E,120,,,,,,4000,,,2800,,380,230,1300,,,950,,,,,420,,,,1500,500,4600,,130,1200,430,780,,,,290,,,,520,630,,,,,,,,,,860,,,,31,,,,100,,110,,73,340,13,,1200,,3000,,
NP_001886.1,CSNK2A1,CSNK2A1,NP_001886.1|CSNK2A1|CSNK2A1,5500,,,,,,,,,,,,7500,,,,,,2600,2600,,,,,,,,,,,,,2800,7300,,,,,4200,,,1200,,,,,,,,,,,5400,,,1200,,64,,,,,,940,1900,900,,2800,920,,,
NP_001887.1,CSNK2A2,CSNK2A2,NP_001887.1|CSNK2A2|CSNK2A2,3800,,,,2800,,,,,,,,890,,,,,,970,200,,,,,,,,2800,,,2400,,,990,,,,,3300,6200,,230,,,6700,,,,,,,5600,2900,,,940,,14,,,,,,230,300,160,9600,1500,120,,,
NP_001945.3,DDR1,DDR1,NP_001945.3|DDR1|DDR1,,8.7,58,81,340,260,0.69,,1800,1.7,,,12,,1.9,,,160,510,2500,13,400,,,510,0.69,790,0.2,,,,,,,,,,0.7,,9.4,12,3200,,,,,1400,4200,1.1,57,2.4,70,,7200,2400,740,270,9.3,,1000,,120,1.5,19,,2000,140,,1900,11,28,1100
NP_001973.2,ERBB3,ERBB3,NP_001973.2|ERBB3|ERBB3,,,,,,,,,,180,,,,4500,,,,,5500,,,210,,,,18,1100,1500,9200,2300,,790,,,,,7.7,,,,,,5500,,,,,,,,140,,,,,120,,,,,,0.77,,,,,,,,160,7100,
NP_001996.1,FES,FES,NP_001996.1|FES|FES,,,,,,,360,,,,,1900,1200,,,,,,370,,,,,,450,,,110,,,,,52,,,,590,,,1100,,750,,,,,,,,1400,680,,,,3600,,,200,,,,330,,23,,960,4.8,,530,,7400,
NP_002010.2,FLT1,FLT1,NP_002010.2|FLT1|FLT1,,,7.5,41,5.8,12,86,,110,0.74,,,63,,410,,9900,10,120,69,800,7500,,,2300,5000,4400,3.8,,,,,,,,,,,,53,130,73,,,,,3100,1000,,14,23,,,450,1900,1200,9.6,16,,,,,31,150,4.7,1.8,550,,4300,260,100,
NP_002011.1,FLT4,FLT4,NP_002011.1|FLT4|FLT4,,,16,41,170,9.7,120,,2900,4.3,,,95,,7100,,,56,17,580,2000,,,,,,2100,1.5,,,,,,,,,,,,700,390,1300,,3800,,,7200,3100,,27,740,1400,,670,,240,330,9.1,,,,,95,28,50,50,170,,2000,1100,1900,
NP_002022.1,FRK,FRK,NP_002022.1|FRK|FRK,,87,400,1800,,99,26,,,720,,,2700,1400,1200,,,,740,2300,590,3400,,,2900,0.31,2000,3.8,1200,,,2000,,,,,,1500,,5500,310,2100,,,,,,,86,750,4.1,,,2400,1900,570,1800,68,,1800,,1.4,510,45,1800,530,27,,200,170,3800,
NP_002084.2,GSK3B,GSK3B,NP_002084.2|GSK3B|GSK3B,350,,,,,,,11,,,,,83,,,,37,,1300,350,,,,,,,,,730,,,,,,100,,,,,720,,,,8.3,2600,,,,,,,,,1800,,,,120,230,1700,,,,69,,,,,,,,
NP_002101.2,HCK,HCK,NP_002101.2|HCK|HCK,,690,,,,8600,880,,3900,590,,,5300,2200,,,,2700,270,3300,1200,4200,,,,0.35,1800,15,,,,4400,,,,,490,,,3700,440,4300,,,,,,1500,390,5700,3.3,,,720,2700,190,,150,,,,3.4,8500,20,2200,880,410,,2100,360,6200,
NP_002218.1,JAK1,JAK1(JH2domain-pseudokinase),NP_002218.1|JAK1|JAK1(JH2domain-pseudokinase),,,,,,,,,,,,,4.8,,,,,,,380,,,,,,,,,,7800,430,,,,,,,,,140,,190,,,,,,,,,,2700,2000,,,3700,,,,,,,,,97,49,300,690,2000,,,
NP_002218.2,JAK1,JAK1(JH1domain-catalytic),NP_002218.2|JAK1|JAK1(JH1domain-catalytic),,,,,,5200,74,,,,,,2500,,,,,,8.8,,,,,1.6,330,,,,,,,,,,,,,,3.4,200,,1200,,,,,,,,,330,,,670,,300,,21,,,,,,6.1,5900,6000,410,,18,,5900,
NP_002244.1,KDR,VEGFR2,NP_002244.1|KDR|VEGFR2,,,8.1,87,5.9,26,200,,500,1.1,,,2.9,,3900,,,5,220,68,1300,,,,,2900,5700,12,,,,,,,,,,,,460,18,120,,,,,,,,14,690,,,3200,2100,1200,62,40,,,,,59,220,2.3,1.5,940,,5200,820,2000,
NP_002305.1,LIMK1,LIMK1,NP_002305.1|LIMK1|LIMK1,,,,,,,770,,,,,,,,,,,,1600,,,,,,830,570,,680,,,,,,,,,,,,,,,,,,,,,,720,990,,,,2400,,,620,,,,,1600,480,,,1100,,940,,2600,
NP_002341.1,LYN,LYN,NP_002341.1|LYN|LYN,,61,,5700,,160,14,,1600,270,,,940,,2700,,,,190,750,370,810,,,940,0.57,530,9.1,,,,990,,,,,820,890,,1600,710,3100,,,,,,1400,100,1100,2.2,,,4200,1100,560,,26,,,,4.2,3000,40,810,270,280,,500,110,650,1700
NP_002367.4,MARK3,MARK3,NP_002367.4|MARK3|MARK3,,,,,,,,,,,,,770,,,,,,49,3400,,,,,,,,,,,,,,,,,,,,6200,,1300,,,,,,,,4000,740,,,21,,,,1900,,,,,,3,1100,410,12,,300,,2500,
NP_002369.2,MATK,CTK,NP_002369.2|MATK|CTK,,,,,,,1300,,,,,,,,,,,,970,,,,,,,,,,,,,,,,,,,,,,,3000,,,,,,,,,,,,,,,,,,,,5800,,260,6200,7700,2800,,1700,,,
NP_002392.2,MAP3K3,MAP3K3,NP_002392.2|MAP3K3|MAP3K3,,,,,2800,2100,,,,,,,34,,,,,,6,,,2300,,,110,280,2300,4800,9900,,,2100,,,880,,130,,150,220,,120,,,170,,,,,,430,5900,,210,,640,,150,,,,54,,2800,300,220,320,,1300,,1900,
NP_002410.1,MAP3K11,MLK3,NP_002410.1|MAP3K11|MLK3,,,,,,,4000,,,,,,700,,,,,,18,2200,9500,,,,,,,340,,,,,,,,,5800,,,,,230,,,,,,,,740,550,,,17,,,,11,,,,2700,,20,1700,1300,420,,3100,,680,
NP_002437.2,MAP3K10,MLK2,NP_002437.2|MAP3K10|MLK2,,,,,,,,,,,,,2300,,,,,,15,,,,,,,,,530,5200,,,,,,,,4600,,,,,1500,,,,,,,,2100,5300,,,790,,,,3.8,,,,,,52,,,1100,,6900,,1800,
NP_002438.2,MST1R,MST1R,NP_002438.2|MST1R|MST1R,,,7600,,,,480,,,2900,,,,,,,,,8200,,,,,,25,,,3,,,,,,,,,8400,,,,3200,810,,,,,,,,,2500,2000,,,,,,470,,,,6300,,400,,,610,,,,1300,
NP_002488.1,NEK2,NEK2,NP_002488.1|NEK2|NEK2,,,,,,,,,,,,2000,,,,,,,4900,2000,,,,,,6500,,,,,,,,260,,,250,,,,,5300,,,,,,,,980,110,600,,,5000,,,260,,,,1600,,750,1100,1400,1800,,1700,,,
NP_002489.1,NEK3,NEK3,NP_002489.1|NEK3|NEK3,,,,,,,,,,,,720,,,,,,,,,,,,,,,,,,,,,,,,,2400,,1100,,,1000,,,,,,,,,,,,,,,,170,,,,,,,,,8800,,640,,,
NP_002567.3,PAK1,PAK1,NP_002567.3|PAK1|PAK1,1500,,,,,,,,,,,,,,,,,,30,,,,,,,,,,,,,,,,550,,210,,,,,2100,,,,,,,,,,2900,,2100,1400,,,260,,,,2300,,0.57,,,650,,3100,,4400,
NP_002568.2,PAK2,PAK2,NP_002568.2|PAK2|PAK2,1500,,,,,,,,,,,,3300,,,,,,43,,,,,,,,,,,,,,,,270,,79,,,,,2700,,,,,,,,,,,,3300,,3200,,340,,,,1900,,3.1,,,5800,,6000,,5700,
NP_002569.1,PAK3,PAK3,NP_002569.1|PAK3|PAK3,,,,,,,4000,,,,,,210,,,,3500,,35,770,,,,,,,,4100,,,,,,,,,,,,370,,460,,4300,,,,,,,,1100,,180,,,,690,,,,5700,,7.1,190,16,29,,,,3300,
NP_002587.2,PCTK3,PCTK3,NP_002587.2|PCTK3|PCTK3,7700,,,,,,54,14,,,,,510,,,,44,,,8400,,,,,,,,250,1100,,4600,,,,,,,,,,,,,,,,,,,,,1500,,,,,,,20,,,,,270,3200,1700,,,2700,,,
NP_002600.1,PDGFRB,PDGFRB,NP_002600.1|PDGFRB|PDGFRB,,8.4,1.9,7.7,0.57,9.1,8.1,,41,0.32,,,15,,1100,,,50,29,3.8,240,7500,3100,,,0.63,1400,0.96,,,,,,2900,3900,,,14,,28,0.29,30,,3300,,,4.5,,73,2,1.4,1900,,110,200,78,25,3.3,,,,200,37,1.8,0.29,0.075,150,,45,88,310,8400
NP_002604.1,PDPK1,PDPK1,NP_002604.1|PDPK1|PDPK1,,,,,,,,,,,,,2800,,,,,,3.4,,,,,,,,,,,,,,,,,,,,,3900,,650,,,700,,,,,,,,,190,,,,120,,,,,,1.7,2600,3500,,,,,,
NP_002637.2,PIK3C2B,PIK3C2B,NP_002637.2|PIK3C2B|PIK3C2B,,,,,,,,,,,,,,,,,,,5200,,,,,,,,,,,,130,,,2800,,,,,,,,,670,,,,,,,,,,10,,,220,,,,,,,,,,,,7.3,,,,
NP_002639.1,PIM1,PIM1,NP_002639.1|PIM1|PIM1,180,1300,,,,,,,,,,,,,,,,,200,,,,,,,,,,560,,,,,250,940,,,,,2300,,,,200,270,,,,,,,,,560,,1500,,,,,,,,3.2,,,,,,,,
NP_002640.2,PIK3CG,PIK3CG,NP_002640.2|PIK3CG|PIK3CG,,,,,,,,,,,,,,,,,,,350,,,,,,,,,,,,48,,,1900,,,,,,,,,,,,,,,,,,,16,,,42,,,,,,,,1800,,,,5.3,7500,,,
NP_002642.1,PI4KB,PIK4CB,NP_002642.1|PI4KB|PIK4CB,5200,,,,,,,,,,,,,,,,,,290,,,,,,,,,,,,,,,,,,,,3400,,,,940,,,270,,,,960,,,3500,,1200,940,,930,1600,,,,,460,,,780,430,1700,,,
NP_002721.1,PRKACA,PKAC-alpha,NP_002721.1|PRKACA|PKAC-alpha,56,,6900,,,,3700,,,,,,,,,,,,220,,,,,,,,,,,,,,,,19,,,,,,,,,330,5400,,,,,,,,,720,,3700,,600,,,,,,19,,,4000,,,,,
NP_002722.1,PRKACB,PKAC-beta,NP_002722.1|PRKACB|PKAC-beta,90,,,,,,260,,,,,,,,,,,,160,,,,,,,,,,,,,,,,13,,,,,,,,,590,3200,,,,,,,,,240,,,,510,,,,,,29,,,4100,,,,,
NP_002731.3,PRKCI,PRKCI,NP_002731.3|PRKCI|PRKCI,,,,,,,,,,,,,,,,,,,1800,,,,,,,,,,,,,,,5800,250,,,,,,,,,,1400,,,,,,,,,,,,,,,,,,,26,,,,,,,,
NP_002733.2,PRKD1,PRKD1,NP_002733.2|PRKD1|PRKD1,,,,,,,1200,,,,,320,990,,,4600,1200,,14,,,,,,990,,,,520,,,3500,650,,3500,,820,,,420,,1200,,,,,,,,,,,,,,,,,,,,,,27,2400,310,80,,,,,
NP_002737.2,MAPK3,ERK1,NP_002737.2|MAPK3|ERK1,,,,,,,,,,,,,,,,,,,9800,,,,,,,,,,,,,,,,,,,,,,,,,,,,,,,,,,,,,,,,,,,,,8400,,,430,,,,,
NP_002738.2,MAPK4,ERK4,NP_002738.2|MAPK4|ERK4,,,,,,,,,,,,,,,,,4100,,,,,5400,,,,,2500,,,,,3100,,,,,,,,,,,,,,,,,,,1100,,,,,,,,,,,,,,,,,,,,,
NP_002739.1,MAPK6,ERK3,NP_002739.1|MAPK6|ERK3,,,,,,,,,,,,,,,,4300,500,,,,,1700,,,,,,,,,,1600,,,,,,,,,,5500,,,,,,,,,170,,,,,,,,,,,,,3100,,,,,1200,1500,,
NP_002740.2,MAPK7,ERK5,NP_002740.2|MAPK7|ERK5,,,,,,,,42,,,,3200,2500,,,620,650,,1100,,,,,,510,,,,620,,,,,,,,,,,,,2700,,,,,,,,,,1700,,,,,,,110,,,2300,,1600,,9900,48,,66,,6800,
NP_002741.1,MAPK8,JNK1,NP_002741.1|MAPK8|JNK1,,,,,3900,,460,,,,,,630,,9100,,,,11,,,,,,,,,5700,1600,,1500,,210,,,,3300,5000,4800,830,,580,,,,,,,450,2000,1500,,,4400,,,,38,,1100,4200,,,220,,,160,,260,,,
NP_002742.3,MAPK11,p38-beta,NP_002742.3|MAPK11|p38-beta,,,370,,,,430,,,,,,,,7.2,,,,,,,,,,,410,,760,,,,,,,,,,,,,,1400,,,,,,,36,,97,,,,,,,,,70,,,230,,,,,,,,,74
NP_002744.1,MAPK10,JNK3,NP_002744.1|MAPK10|JNK3,,,4300,,1100,,760,,,,,1100,270,2000,110,,5900,,12,,,5500,,,,,4300,3900,5500,2500,560,3200,130,,,,2500,3100,,240,,51,,,,,,,2000,1900,,,,3600,,,,37,,35,1900,,,110,3600,4300,67,,200,,2800,
NP_002745.1,MAPK13,p38-delta,NP_002745.1|MAPK13|p38-delta,,,,,,,13,,,,,,,,78,,,,3500,,,,,,,,,54,,,,,,,,,,,,,,,,,,,,,,,,,,,,,,690,,,,,6600,240,,,,,,,,
NP_002746.1,MAP2K1,MEK1,NP_002746.1|MAP2K1|MEK1,,,,,2700,,,,1900,,99,,10,,,,,,3.5,520,,1800,120,,,1000,,12,,,,,,,,,14,,1900,200,1700,530,,,,,,,,,830,1100,,,550,51,,320,,,,19,,21,77,130,550,,5100,1800,1800,
NP_002747.2,MAP2K3,MEK3,NP_002747.2|MAP2K3|MEK3,1200,,,,,,2200,,,,,,2100,,,,,,5,,,,,,3300,,,,1200,,,,1000,,,,,,470,360,,150,,,,,,,,,5200,,,5300,,92,,100,,,,2600,,5,2200,1700,170,6600,3500,,,
NP_002749.2,MAP2K6,MEK6,NP_002749.2|MAP2K6|MEK6,,,,,,,,,,,,,,,,,,,44,,,,,,,,,,,,,,,,,,,,,3200,,820,,,3900,,,,,4100,4100,,,6500,,,,480,,,,1300,,3.4,5500,5200,2000,,,,2600,
NP_002750.1,EIF2AK2,PRKR,NP_002750.1|EIF2AK2|PRKR,2800,,,,7400,,1100,,,,,460,,,,,,,120,2800,950,,,,1100,,1300,,5200,,,,,,2000,,,,,,,3600,,,,,,,,1900,,,,6900,,2200,,180,,,,,,360,1300,670,,,1100,,,
NP_002871.1,RAF1,RAF1,NP_002871.1|RAF1|RAF1,,,,,,880,930,,,,,,,,,,,,,,390,,,,,570,,4400,,6.6,,,,,,,,1700,,,,,,,,,,,3900,900,23,,3700,,170,,,840,,980,,,230,,,,,,,,,
NP_002920.1,GRK1,GRK1,NP_002920.1|GRK1|GRK1,,,,,,,,,,,,,1000,,,,,,24,2200,,,,,,,,,650,,,,830,,610,,,,730,1700,,,,1700,800,,,,,,,1100,,85,,930,,870,,,,,,0.97,1100,290,410,,,,,
NP_002935.2,ROS1,ROS1,NP_002935.2|ROS1|ROS1,,,,,3200,,1700,,,,,,3700,,,,,,26,,,,,,4.1,,,14,,,,,15,,,,,,,4500,,,,,5800,,,3100,,920,,3000,,430,,1200,,29,,,,,,30,,,0.49,,600,,610,
NP_002944.2,RPS6KA1,RSK1(Kin.Dom.1-N-terminal),NP_002944.2|RPS6KA1|RSK1(Kin.Dom.1-N-terminal),,,,,,,,,,,,5400,180,,,,,,28,450,,,,,,,,,2300,,,,410,,,,7400,,,2100,,3400,,1600,400,,,4800,,,,,,690,,2100,,490,,,,,,43,180,140,160,,1200,,7900,
NP_002944.2,RPS6KA1,RSK1(Kin.Dom.2-C-terminal),NP_002944.2|RPS6KA1|RSK1(Kin.Dom.2-C-terminal),,,,,,,,,,,,,,,,3300,,,2400,,,6200,,1400,,,,,720,,,,,,,,,,120,,,,,,,,,,,,,,,,,,,3800,,320,,,,1200,5800,5000,650,220,420,400,,
NP_003001.1,MAP2K4,MEK4,NP_003001.1|MAP2K4|MEK4,,,,,,,1000,,,,,,3700,,,,,,3.8,,,,,,,,,,2300,,,,910,,,,,,1800,3400,,250,,,930,,,,,590,330,,,4800,190,810,,200,,,,2600,,70,1400,700,150,4000,9900,,,
NP_003128.3,SRPK1,SRPK1,NP_003128.3|SRPK1|SRPK1,550,,,,1800,,,,,,,,37,,,,,,10,420,,,,,1800,,,,,,,,,,,,,,2100,1700,,55,,,1200,,,,,,,41,,42,,,,590,,,,,,5.5,4000,250,4800,5200,160,,82,
NP_003148.2,NEK4,NEK4,NP_003148.2|NEK4|NEK4,,,,,,,460,,,,,,,,,,,,,2700,,,,,,,,,,,,,,,,,,,,,,1100,,,,,,,,,,,,,,,,1800,,,,,,,,,,,1600,,,
NP_003150.1,CDKL5,CDKL5,NP_003150.1|CDKL5|CDKL5,200,,,,,,6.6,2.6,,,,,,,,,1.7,,10,,,,,,,,,2700,7.1,,,,,,,,,,,,,,,,4100,,,,,,,,,,,,,,4000,,,,,340,,,,,7300,,2800,
NP_003152.1,RPS6KB1,S6K1,NP_003152.1|RPS6KB1|S6K1,3600,,2800,,,,120,,2800,,,,190,,,,,,69,570,,,,,640,,,1200,3700,,,,,,,,,,,,,310,,1800,210,,,,,,,4100,,1300,,4800,,,,,,660,,1.3,150,48,2700,,2000,1600,,
NP_003168.2,SYK,SYK,NP_003168.2|SYK|SYK,,,,,,,600,,,,,4700,,,,,,,9.5,,4400,,,,2500,2900,,280,,,,,,,,,5100,,,9000,,670,,,,,,,,4700,410,,,88,,,,19,,,,290,,14,,,1300,,2700,,1800,
NP_003206.1,TEC,TEC,NP_003206.1|TEC|TEC,,,,,,,,,,,,,,,,,,,1200,,,1500,,,,13,,310,,,,,,,,,,,,2000,,,,,,,,730,,,600,,,,,,,1600,,,,3200,,1300,,,180,,,,8700,
NP_003233.4,TGFBR2,TGFBR2,NP_003233.4|TGFBR2|TGFBR2,,,,,,,260,,,,,,,,,,2400,,540,,,800,,,,2900,,,5600,,,,,,,,,,,2000,320,,,,,,,,,3000,270,,,,890,250,,330,,1800,,,6900,,,,250,,1100,,,
NP_003309.2,TTK,TTK,NP_003309.2|TTK|TTK,,,,,3900,,230,,8500,,,2500,22,,3300,,,,6.5,,,,,,,,3700,430,,,4300,,76,,,,,,480,34,,110,,,,,,,,150,,,,350,,630,,1100,6200,2500,,,3500,61,180,63,50,7700,450,,8100,
NP_003319.2,TXK,TXK,NP_003319.2|TXK|TXK,,,,,2400,,,,,,,,860,3100,,,,,660,,,700,,,850,2.1,3800,530,,,,6000,,,,,4800,,,1100,,580,,,,,,,,2600,35,,,,,330,,140,,4500,,72,,230,,,480,,1500,3700,2700,
NP_003322.2,TYK2,TYK2(JH1domain-catalytic),NP_003322.2|TYK2|TYK2(JH1domain-catalytic),,,,,3600,,1800,,,,,,37,,,,,,15,150,410,,,4.8,210,1800,,5000,180,,,,,,,,,,0.9,5.8,,160,,,,,,,,3400,430,,,250,,280,,190,,,,6500,,56,5100,1600,77,,21,,510,
NP_003322.3,TYK2,TYK2(JH2domain-pseudokinase),NP_003322.3|TYK2|TYK2(JH2domain-pseudokinase),,,,,,,,,,,,,500,,,2000,,,910,2200,,,,,2000,110,2400,,35,,1800,,,,,,,8700,1400,470,,520,,,,500,,,,,,6600,5900,,,3400,,,,2000,,4500,,3100,760,360,1900,770,450,,6600,
NP_003381.1,WEE1,WEE1,NP_003381.1|WEE1|WEE1,,,,,,,,,,,,,2900,,,,,,1200,1200,,,,,,7000,,,,,,,,,,,4100,,,,,2800,,,,,,,,,71,,,4600,,,,890,,,,510,,1600,3000,1100,3000,,390,,3200,
NP_003550.1,PIP4K2B,PIP5K2B,NP_003550.1|PIP4K2B|PIP5K2B,1700,,,,,,,,,,,,17,,,,,,18,260,,,,,,,,,,,,,,4500,,,,,,3700,,94,,,830,,,,,,,1600,,270,,,,1200,,,,,,77,260,39,,7800,160,,140,
NP_003556.1,ULK1,ULK1,NP_003556.1|ULK1|ULK1,8000,,,,,,3700,,,,,,340,,,,2800,,1000,55,,,,,1000,,,,,,,,,,5900,,,,300,1900,,53,,,,,,,,,,2000,,,,,,14,,,,1200,,9.9,82,23,0.83,,270,,,
NP_003567.2,STK24,MST3,NP_003567.2|STK24|MST3,,,,,,,1300,,,,,,110,,,,,,760,430,,,,,,,,,,,,,,,,,6.5,,,2100,,1100,,,,,,,,,2600,,,,,,,,,,,380,,120,100,63,2900,,,,3600,
NP_003574.1,DYRK2,DYRK2,NP_003574.1|DYRK2|DYRK2,63,,,,,,210,5400,,,,,,1800,,2100,1700,,22,6000,,6700,,,4000,,1300,2000,,,7600,,,,,,,,3700,,,390,,,,,,,,,,,4100,,2700,59,,470,,,,,,250,1300,680,,5600,,,,
NP_003591.2,AURKA,AURKA,NP_003591.2|AURKA|AURKA,,,1600,,72,,,,400,,,,,,,,7400,,16,,,,,,260,9300,2200,440,,,,,,,,,,,,,2300,650,,,,,,6.5,,7100,,,,120,,,,160,,,,,,17,,1700,44,,4400,,3.9,
NP_003598.2,CDC42BPA,MRCKA,NP_003598.2|CDC42BPA|MRCKA,380,,,,,,,,,,,,,,9400,,,,9200,,,,,,,2000,,660,9500,,,,,,,,,,,,,,,,,,,,,,1300,,1800,,,,,,,6200,,,,57,,,,,,2600,,
NP_003609.2,MAP4K3,MAP4K3,NP_003609.2|MAP4K3|MAP4K3,,,3200,,1200,,190,,,2000,,,290,,,,,,110,560,7500,,,,75,640,,110,4500,,,,,,,,7.7,,,210,,150,,,8400,,,,,1600,390,490,,120,,,,2400,,,,5.1,,8.2,210,180,65,,1800,1500,290,
NP_003647.1,CAMK1,CAMK1,NP_003647.1|CAMK1|CAMK1,,,,,,,3000,,,,,,5900,,,,,,130,,,,,1200,,,,5900,,,4700,,,,,,,,470,,,1400,,,,,,,,2100,,2100,,2000,1900,,,230,,,,,,27,3300,970,1100,,1600,,7000,
NP_003659.2,MAPKAPK5,MAPKAPK5,NP_003659.2|MAPKAPK5|MAPKAPK5,,,,,,,,,,,,,,,,,,,930,,,,,,,,,,,,,,,,,,,,,,,1200,,,,,,,,,,,,,,,,,,,,,,270,2800,,,,,,,
NP_003679.2,CASK,CASK,NP_003679.2|CASK|CASK,,,,,,,,24,,,,,,,,,400,,330,,,,,,140,,,,,,,,,,,,,,1500,,,,,,,,,,,,,1700,,,,1600,,,66,,,830,,19,,,920,,2800,,,
NP_003709.3,CDC2L5,CDC2L5,NP_003709.3|CDC2L5|CDC2L5,3100,,38,,,,0.94,3.2,1100,,,,,,1100,800,23,,1000,,,,,,,,,210,430,,,,,,,,,,,,,,,,,,,,,,,,,,,,,,110,,,,,70,,,,,,,,
NP_003795.2,RIPK1,RIPK1,NP_003795.2|RIPK1|RIPK1,,,2800,890,2500,,210,,,,,,240,,,,,,,320,5400,,,,1600,,,850,,,,,,,,,,,,240,,64,,,,,,,,260,3500,1500,,,5100,,,,,,,,,,1200,370,,,5300,,20,
NP_003812.1,RIPK2,RIPK2,NP_003812.1|RIPK2|RIPK2,,,,2700,9900,9300,1100,,1800,98,,,,2700,5800,,,2900,640,,950,300,,,900,31,680,21,,2500,,530,,,,,,,,,290,3700,3600,,,,,,,580,16,,,,430,77,,970,,24,,3700,1300,5200,,,9600,500,6100,4.6,,
NP_003822.2,RIOK3,RIOK3,NP_003822.2|RIOK3|RIOK3,690,,,,1000,,,,,,,4400,36,,,,,,7.7,690,,,,,4000,,,,,,,,,2300,,,,,2000,2000,,61,,,650,,,,,,,390,,420,,,,210,,,,1600,,76,9700,3800,3500,,91,,600,
NP_003904.3,PRPF4B,PRP4,NP_003904.3|PRPF4B|PRP4,4600,,,,,,,,,,,,8.4,,,,,,550,560,,,,,,,,,,,,,,,,,,,,8700,,270,,,1600,,,,,,,2600,,55,,,,,,,,,,220,1300,390,7600,,390,,2500,
NP_003933.1,RPS6KA4,RPS6KA4(Kin.Dom.2-C-terminal),NP_003933.1|RPS6KA4|RPS6KA4(Kin.Dom.2-C-terminal),3200,,,,,,,,,,,12,,,,2300,,,1300,,,,,,,,7000,,,,,1200,,740,51,,,,340,,,1100,,,,,,,,,,,,,,65,,44,,,,,,2200,2000,2000,,,140,,,
NP_003939.1,CDKL2,CDKL2,NP_003939.1|CDKL2|CDKL2,700,,,,530,,0.52,1000,1200,,,,1300,,,,41,,43,180,,,,,2100,,,240,,,,,,,,,,,,,,1400,,3400,,,2900,,,,,2400,,,,,,5900,,,,,130,510,3900,1100,,,1300,,49,
NP_003948.2,BRSK2,BRSK2,NP_003948.2|BRSK2|BRSK2,,,,,,,,,,,,,,,,,5600,,16,,,,,,,,,,,,,,,8300,,,,,,,,1200,,,,,,,,,8900,,,650,,42,,,,,,,,3.5,4100,1100,190,1200,,,,
NP_003976.2,TNK1,TNK1,NP_003976.2|TNK1|TNK1,,,,,160,,60,,,,,,210,,,,,,9.3,,6400,,,120,320,,630,21,,,,,1500,,,,,,,2200,,580,,3400,,,,2400,,,360,,,83,,1200,,25,,,,,2300,2.5,1500,680,1.8,,360,,83,
NP_003983.2,CLK3,CLK3,NP_003983.2|CLK3|CLK3,160,,,,,,5500,370,,,,630,,,,,,,,,,,,,,,,,1600,,,,,,,,,,,,,6200,,,,,6600,2300,,,,3600,5900,3600,,,,1900,13,,,300,,910,,,210,7100,,,,
NP_003984.2,CLK2,CLK2,NP_003984.2|CLK2|CLK2,0.51,,,,,,1800,1700,,,,460,760,,,,1100,,44,1700,,,,,,,,,2200,,600,,16,,730,,,,460,940,,93,,430,420,2300,6500,3200,,,,410,5500,860,2600,1000,,1600,80,,,1700,,8.2,150,20,82,43,2300,,,
NP_004064.2,PLK3,PLK3,NP_004064.2|PLK3|PLK3,,,8500,,,,8100,,,,,4,,,,,,,2300,,,,,,,,,,,,,,,740,,,,,710,,,,,,,,,,,,2100,,,,,2500,,5.1,,,,,,910,,,210,,1600,,,
NP_004110.2,FLT3,FLT3,NP_004110.2|FLT3|FLT3,540,,0.63,1.3,42,71,0.79,,8.2,,,,3.8,,2300,,,,8.5,0.64,1400,2700,,,850,4800,1200,0.9,,,2600,3100,,620,,,5400,,,17,240,15,,330,1900,,3,,,1100,150,250,2500,11,1300,1500,,0.71,,,,2200,13,2.9,0.54,0.41,15,,13,850,6.5,
NP_004110.2,FLT3,FLT3(D835H),NP_004110.2|FLT3|FLT3(D835H),78,,2.7,3.7,330,4500,4.9,,210,,,,0.71,1800,,,7400,,0.66,6.1,,1200,,,500,8100,350,1.4,5000,,1700,1100,2400,410,,,4600,,,2.4,9500,13,,49,210,,310,,,1100,1600,140,5900,6.8,6100,630,,0.65,,,,1000,30,2.1,6.3,4.3,4.9,,4.9,560,14,
NP_004110.2,FLT3,FLT3(D835Y),NP_004110.2|FLT3|FLT3(D835Y),43,,11,7.1,270,9500,11,,670,,,3000,0.42,1400,,,3000,,0.57,5.2,,730,,,210,4800,130,2,3200,,710,1000,3000,430,,,3100,,,1.5,,13,,40,130,,1800,,,810,3100,96,,15,6500,560,,0.37,,,,1100,82,2.5,6.1,2.3,2,,6.4,830,55,
NP_004110.2,FLT3,FLT3(ITD),NP_004110.2|FLT3|FLT3(ITD),83,,8.8,8.8,250,1000,11,,140,,,,0.7,,3000,,,,1.5,3.6,,3000,,,730,9900,820,2.6,4600,,2200,2900,,1500,,,,6300,,4.2,2200,20,,72,280,,9.1,,,2500,2700,58,7200,11,6100,1900,,0.54,,,,2900,79,2.4,1.8,0.99,8.6,,16,1800,45,
NP_004110.2,FLT3,FLT3(K663Q),NP_004110.2|FLT3|FLT3(K663Q),500,,1.3,2.2,31,54,0.51,,3.9,2300,,,4.5,,890,,,,5.4,1.1,730,1600,,,900,3200,1300,0.82,,,2600,5100,,650,,,4900,,,20,200,6.6,,420,330,,1.5,9500,,740,130,270,,2,2300,1400,,0.68,,,,2200,4.5,3.3,0.7,0.22,8.2,,13,190,4.8,
NP_004110.2,FLT3,FLT3(N841I),NP_004110.2|FLT3|FLT3(N841I),200,,2.6,4.1,200,1100,2.3,,43,,,,2.6,6200,5000,,9300,,1.4,4.8,,2400,,,860,7000,500,1.5,6500,,3900,3000,,690,,,6400,,,13,4200,13,,250,980,,29,,,1600,780,470,,6,3900,1200,,1.5,,,,3400,11,2.1,5.4,2.4,11,,20,1200,4.3,
NP_004110.2,FLT3,FLT3(R834Q),NP_004110.2|FLT3|FLT3(R834Q),1800,,16,5.1,2400,3800,0.74,,130,,,,17,,,,,,7,7.5,,490,,,3000,,,11,,,,3500,,4800,,,,,,78,,60,,1800,1300,,410,,,9600,,4600,,12,3000,9600,,4.4,,,,,17,0.22,44,11,34,,29,1300,130,
NP_004187.2,CDKL1,CDKL1,NP_004187.2|CDKL1|CDKL1,,,,,,,13,,,,,,,,,,,,490,,,,,,,,,,,,,,,,,,,,,,,,,,,,,,,,,,,,,,,2100,,,,,,330,,,,,,,,
NP_004217.1,STK17B,DRAK2,NP_004217.1|STK17B|DRAK2,5200,,,,,,,,,,,,670,,,,,,5,1800,,7300,,,,,9400,,1900,,,3800,,,,,1100,,3500,7500,,4.8,,,,,,8.1,,,,3500,,4700,,3200,,9.2,,,,,,21,320,110,7100,,45,,,
NP_004293.1,ACVR1B,ACVR1B,NP_004293.1|ACVR1B|ACVR1B,,,,,,,,,,1500,,,4900,,,,,,86,,,,,,860,330,,,,2400,,,,,,,,,,10,,,,,,,,,,,96,,,,,58,,1100,,3000,,,,680,,,97,,6700,,,
NP_004295.2,ALK,ALK,NP_004295.2|ALK|ALK,,,1600,,,,1400,,,2300,,160,31,,,,,,71,3500,,7700,,,3.3,,1200,69,670,,,,0.55,,,,,,1500,840,,660,,,,,,,,2200,,2700,,270,,1100,,240,,,,690,,32,490,170,1.1,,650,2100,3100,
NP_004320.2,BMPR1A,BMPR1A,NP_004320.2|BMPR1A|BMPR1A,,,,,,,,,,,,,,,,,,,950,,,,,,,7000,,,,,,,,,,,,,,,,1900,,,,,,,,,170,,,,,64,,,,,,,,3700,,,170,,,,,
NP_004324.2,BRAF,BRAF,NP_004324.2|BRAF|BRAF,,,,,,630,1700,,,,,,,,2700,,1300,,,,1200,,,,,500,,3500,,0.19,,,,,,,,,2200,,,,,,,,,,1700,730,5.7,,2900,,330,880,,240,,710,,,540,,,,,2100,9800,,,
NP_004324.2,BRAF,BRAF(V600E),NP_004324.2|BRAF|BRAF(V600E),,1800,,,,280,130,,,,,,,,,,1600,,,,330,,,,,570,,2300,,0.18,,,,,,,,3300,4200,,,,,,,,,,570,430,4.4,,2300,,100,1600,,380,,530,,,260,,,,,2000,9300,,,
NP_004374.1,CSK,CSK,NP_004374.1|CSK|CSK,,,,,1100,,2300,,3800,,,,,,,,,,260,,,6100,,,,1,9600,120,,,,,,,,,550,,,,2500,4400,,,,,,9000,2400,,60,,,8700,2200,2000,,160,,,,32,,330,,,1800,,5900,2500,4800,
NP_004375.2,CSNK1G3,CSNK1G3,NP_004375.2|CSNK1G3|CSNK1G3,910,,,,,,97,,,,,2400,,,,,,,,,,,,,,,,,,,,,,,,,7800,,,,,1200,,,,,,,,,,,,,,2600,,,,,,,,,570,240,,8700,,,,
NP_004400.4,DMPK,DMPK,NP_004400.4|DMPK|DMPK,92,,,,,,,1100,,,,2900,,,,,,,240,,,7000,,1200,1400,1300,2900,,650,,,6900,,,,,,,3500,,,3800,,2200,280,,,,,,,,,3800,,140,,,610,,,91,,3.5,,,2100,,1000,,,
NP_004422.2,EPHA2,EPHA2,NP_004422.2|EPHA2|EPHA2,,,,,,,160,,,,,,2900,,6200,,,,790,,2900,,,,100,0.85,,3.6,2500,,,,,,,,,,,6100,,1500,,,,,,370,230,,3.8,,,,,620,,140,,,,18,2000,1200,,,890,,4400,1100,840,
NP_004429.1,EPHA4,EPHA4,NP_004429.1|EPHA4|EPHA4,,,,,,,400,,,,,,,,2900,,,,1700,,8900,3600,,,360,1.2,,1.9,,,,,,,,,,,,7700,,,,,,,,420,330,,8.3,,,,,980,,150,,,,18,3000,290,,,910,,4000,1600,4300,
NP_004431.1,EPHA7,EPHA7,NP_004431.1|EPHA7|EPHA7,,,110,3700,,,1100,,,620,,,,,860,,,1700,260,,,,,,470,,1400,2.5,,,,,,,,,,,,6700,,390,,,,,,1000,,,,,,,,,,39,,,,,5300,630,1500,2400,200,,6500,2400,,
NP_004432.1,EPHB1,EPHB1,NP_004432.1|EPHB1|EPHB1,,,880,,,,180,,,,,,550,,4900,,,,5200,,,1500,,,120,0.45,1100,12,1500,,,1300,,,,,,,,1500,,2500,,,,,,330,1300,,4.4,,,,,1900,,390,,,,33,3000,240,4300,480,340,,1700,290,1900,6200
NP_004434.2,EPHB3,EPHB3,NP_004434.2|EPHB3|EPHB3,,,1400,,,,,,,,,,,,,,,,,,,,,,,6.9,,85,,,,,,,,,,,,,,,,,,,,3500,1000,,340,,,,,,,,,,,210,,,,,1900,,,,,
NP_004435.3,EPHB4,EPHB4,NP_004435.3|EPHB4|EPHB4,,,1400,,,,,,,1100,,,1100,,,,,,6900,,,1800,,,570,0.34,2200,12,,,,2500,,,,,,,,2700,,2900,,,,,,560,730,,12,,,,,,,600,,,,9.2,1800,2200,,3100,750,,2100,520,1700,
NP_004436.2,EPHB6,EPHB6,NP_004436.2|EPHB6|EPHB6,,,33,1200,360,,,,50,220,,,140,3100,,,,1400,98,220,43,640,,,6,0.039,1700,1.3,,,1600,3200,,,,,2800,,3100,1100,5,130,,,,,1300,,500,81,2,2900,,3100,860,9000,,310,,3100,,3000,240,210,1200,1000,350,,300,76,28,
NP_004561.2,PIK3C2G,PIK3C2G,NP_004561.2|PIK3C2G|PIK3C2G,,,,,,,,,,,,,,,,,,,230,,,,,,,,,,,,300,,,,,,,,,,,,7500,,,,,,,,,,41,570,,150,,,,,,,,430,,,,3.2,,,,
NP_004570.2,MAP4K2,MAP4K2,NP_004570.2|MAP4K2|MAP4K2,1900,,,,1300,,100,,,540,,,290,,,,,,4.7,1900,5000,330,,4800,80,1300,,2000,89,,,,,3200,,,220,,2000,65,,11,,,290,,,,,2700,1200,3600,,2500,,100,,670,2900,,,3.1,,8.8,1700,33,190,,2100,1600,2600,
NP_004577.1,RPS6KA3,RSK2(Kin.Dom.1-N-terminal),NP_004577.1|RPS6KA3|RSK2(Kin.Dom.1-N-terminal),,,,,,,,,,,,,65,,,,,,290,5600,,,,,,,,,1000,,3000,,170,190,,,,,,440,,280,,87,3600,,,,,,,9900,,740,,200,,8000,,,,1200,,69,2100,580,17,,8100,,6400,
NP_004603.1,TGFBR1,TGFBR1,NP_004603.1|TGFBR1|TGFBR1,,,,,,,,,,1700,,,4200,,,,,,120,,,9600,,,1000,230,,,,4900,,,,,,,,,,1100,,,,,,,,,,,1500,,,,,100,,2600,,7100,,,,2000,,,190,,,,8400,
NP_004663.3,MAP3K6,ASK2,NP_004663.3|MAP3K6|ASK2,,,,,,,8000,,,,,,,,,,,,170,,,,,,,,,,,,,,,,,,,,,8000,,,,,,,,,,,,,,,,,,,,,,,,260,,,1800,,,,,
NP_004681.1,LATS1,LATS1,NP_004681.1|LATS1|LATS1,1100,,2100,,,,470,,,,,,420,,,,,,30,1700,,,,,,,,,,,,,,,,,,,,3300,,5000,,,2600,,,,,,,,,1100,,,,,,,,,,42,850,630,1600,4500,,,5500,
NP_004705.1,DYRK1B,DYRK1B,NP_004705.1|DYRK1B|DYRK1B,3.9,,,,,,,290,,,,,1600,2800,,,200,,29,,,,,,,,,,84,,3800,,970,,,,,,,,,940,,1000,5400,,,,,,,,5700,330,,,,,250,,1800,,,28,2600,2300,4500,730,9500,,,
NP_004712.1,MAP3K13,LZK,NP_004712.1|MAP3K13|LZK,,,,,,,740,,,,,,140,,,,,,340,170,,,,,230,5300,,16,,,,,,,,,740,,,210,,500,,,,,,,,,,3200,,2800,,,,,,,,480,,210,540,95,57,,590,,180,
NP_004725.1,DCLK1,DCAMKL1,NP_004725.1|DCLK1|DCAMKL1,,,,,,,,,,,,5900,540,,,,1600,,,,,,,6700,330,,,,2100,,,,4100,,2400,,,,68,8300,,2000,,,,,,,,,,1400,,,8100,,,,,,,,,110,550,370,4.9,,190,,,
NP_004746.2,RPS6KA5,RPS6KA5(Kin.Dom.2-C-terminal),NP_004746.2|RPS6KA5|RPS6KA5(Kin.Dom.2-C-terminal),2800,,,,,,,,,,,270,,,,,,,960,,,,,,,,,,,,,,,,160,,,,140,,,1900,,,,,,,,,,1100,,,,1500,,150,,,,,,890,1500,1700,,,2200,,,
NP_004751.1,STK17A,DRAK1,NP_004751.1|STK17A|DRAK1,5200,,,,,,,,,,,,110,2300,,,440,,3.4,830,,,,,,,6300,,4100,,,2000,,,,,340,5300,6200,270,,2.9,,760,,,,190,,,,4000,,1900,,,,32,,,,,,14,24,1,2900,,610,,9000,
NP_004841.2,ROCK2,ROCK2,NP_004841.2|ROCK2|ROCK2,,,630,,,,390,,,,,,,,,,,,71,3100,,,,420,3300,,,1800,1500,,,,,,200,,,,52,,,250,,,,,,,,,,8700,,2300,,,,560,730,,,360,,0.24,660,140,130,,2200,3600,,
NP_004926.1,CDK5,CDK5,NP_004926.1|CDK5|CDK5,,,,,,,550,700,,,,,,,2000,,740,,410,,,,,,,,,,110,,,,,,,,,,,,,,,,,,,,,,,,,,,,,,7.4,,,,8300,84,,6900,1600,,,,,
NP_004929.2,DAPK1,DAPK1,NP_004929.2|DAPK1|DAPK1,1600,,,,,,,,,,,540,,,,,,,80,,,,,,,,,,,,4000,,620,1400,3000,,,,72,5000,,360,,,970,,,,,,,,2400,4700,,97,,55,,,,,,1.4,270,120,1800,,16,,,
NP_004949.1,FRAP1,MTOR,NP_004949.1|FRAP1|MTOR,,,,,,,,,,,,,,,,,,,,,,,,,,,,,,,200,,,,,,,,,,,,,,,,,,,,,,12,,,3,,,,,,,,,,,,620,,,,
NP_004963.1,JAK2,JAK2(JH1domain-catalytic),NP_004963.1|JAK2|JAK2(JH1domain-catalytic),,,,,3300,,910,,,,,,14,,,,,,3.7,130,,,,0.58,290,1000,3700,1500,5500,,,,5300,,,,,,0.036,9.9,,76,,,,,,,,1700,100,430,,94,,11,,3.5,,,,1100,,9.8,1600,410,16,,1.1,,190,
NP_005017.2,PIK3CD,PIK3CD,NP_005017.2|PIK3CD|PIK3CD,,,,,,,,,,,,7600,,,,,,,4000,,,,,,,,,,,,5,,,3100,,,,,,,,,,,,,,,,,,,17,,,31,,4200,,,,,,,,,,250,,,,
NP_005021.2,PLK1,PLK1,NP_005021.2|PLK1|PLK1,,,,,,,,,,,,0.19,,,,,,,220,,,,,,,,,,,,,,47,0.094,,,,,130,,,,,,,,,,,,,,,,,,,830,,,,1800,,190,,,20,,280,,,
NP_005035.1,PRKX,PRKX,NP_005035.1|PRKX|PRKX,97,,,,,,4400,,,,,,,,,,,,42,,,,,,,,,,,,,,,,7.2,,,,,,,1200,,,,,,,,,,,,960,,,,,,,,,,13,,,5800,,,,,
NP_005100.1,OXSR1,OSR1,NP_005100.1|OXSR1|OSR1,,,,,,,,,,,,,1300,,,,,,8000,,,,,,,,,,,,,,4200,,,,,,2700,,,1700,,,,,,,,,,,,,3900,,,3100,,,,,,440,1600,530,48,2500,,,,
NP_005148.2,ABL1,ABL1(E255K)-phosphorylated,NP_005148.2|ABL1|ABL1(E255K)-phosphorylated,,140,,,63,,75,,9600,65,,5900,63,420,,,,580,840,75,,30,,,170,0.047,63,150,1600,,,400,,,,,,170,2200,370,1200,36,,,,,,1900,36,800,0.55,770,,,4500,56,,220,,,,0.047,3400,22,310,180,190,,40,13,3,
NP_005148.2,ABL1,ABL1(F317I)-nonphosphorylated,NP_005148.2|ABL1|ABL1(F317I)-nonphosphorylated,,8,,,2600,4000,1.9,,3800,2800,,,6900,2900,4900,,,,,,7800,3200,,,2700,0.1,8200,40,,,,,,,,,,8.3,,8600,940,1600,,,,,,,18,,5,,,,1300,,,,,,,0.63,1700,550,3400,3600,93,,2100,770,7200,
NP_005148.2,ABL1,ABL1(F317I)-phosphorylated,NP_005148.2|ABL1|ABL1(F317I)-phosphorylated,,78,,,800,,13,,4600,1300,,,2600,750,,,,,4900,4500,,1000,,,3200,0.041,1100,250,5900,,,4700,,,,,,580,,4500,1300,530,,,,,,,56,,5.3,,,,5000,1200,,,,,,0.18,4900,130,2400,890,14,,560,170,2100,
NP_005148.2,ABL1,ABL1(F317L)-nonphosphorylated,NP_005148.2|ABL1|ABL1(F317L)-nonphosphorylated,,10,,,830,910,0.77,,1400,390,,,2300,580,1300,,,4100,7600,1500,2400,1500,,,610,0.032,640,20,2500,,,2700,,,,,,2.5,9500,2500,340,360,,,,,,,12,4400,3.2,,,,940,,,,,,,0.11,770,170,3300,730,54,,450,75,480,
NP_005148.2,ABL1,ABL1(F317L)-phosphorylated,NP_005148.2|ABL1|ABL1(F317L)-phosphorylated,,110,,,330,7700,13,,2300,280,,2400,640,230,,,,2300,2200,1100,,91,,,590,0.019,150,170,890,,,780,,,,,,110,2200,1200,1000,94,,,,,,,14,2700,2.5,2900,,,5700,240,,,,,,0.029,7100,46,1200,370,19,8400,180,33,400,
NP_005148.2,ABL1,ABL1(H396P)-nonphosphorylated,NP_005148.2|ABL1|ABL1(H396P)-nonphosphorylated,,11,,,20,1400,2.6,,1200,39,,2000,45,500,3300,,,390,1000,42,920,46,,4500,33,0.025,89,10,1200,3200,,680,,,,,,5.9,1100,280,140,17,,,,,,510,4.9,380,0.63,,,3100,510,49,,170,,2600,3400,0.062,520,18,240,74,73,5300,45,9.8,3.3,
NP_005148.2,ABL1,ABL1(H396P)-phosphorylated,NP_005148.2|ABL1|ABL1(H396P)-phosphorylated,,140,,,23,,31,,,45,,2600,49,500,,,,640,870,60,5600,57,,6700,87,0.046,58,110,1700,,,460,,,,,,65,,440,620,24,,,,,,940,21,700,1.4,9000,,5600,5000,58,,390,,3900,,0.057,2400,36,560,140,160,3800,61,14,3.1,
NP_005148.2,ABL1,ABL1(M351T)-phosphorylated,NP_005148.2|ABL1|ABL1(M351T)-phosphorylated,,140,,,36,,34,,2200,56,,,52,1200,,,,450,780,48,2000,38,,,97,0.016,66,36,1900,,,520,,,,,,44,6200,230,430,19,,,,,,750,15,560,0.52,1700,,,2600,60,,390,,,,0.037,1200,52,500,120,95,,50,15,5.3,
NP_005148.2,ABL1,ABL1(Q252H)-nonphosphorylated,NP_005148.2|ABL1|ABL1(Q252H)-nonphosphorylated,,6,,,290,670,0.93,,860,100,,,73,790,830,,,1500,2500,75,440,91,,,97,0.037,230,4,3100,,,1100,,,,,7100,1.8,2000,340,64,47,,,,,,630,10,530,1.3,,,,200,240,,630,,,,0.086,130,21,870,240,39,,110,18,3.8,
NP_005148.2,ABL1,ABL1(Q252H)-phosphorylated,NP_005148.2|ABL1|ABL1(Q252H)-phosphorylated,,4.6,,,200,,31,,6800,78,,,28,380,,,,1200,830,58,7400,22,,,100,0.064,61,120,1200,,,230,,,,,6000,92,3500,230,1400,22,,,,,,1300,21,530,0.93,9300,,,4000,75,,430,,,,0.039,5500,11,500,76,70,,54,16,9.4,
NP_005148.2,ABL1,ABL1(T315I)-nonphosphorylated,NP_005148.2|ABL1|ABL1(T315I)-nonphosphorylated,,,4400,2600,3.6,,2.8,,1100,110,,,66,2600,59,,,1700,950,110,6100,690,,,12,890,620,18,,,,,,,,,,,,930,,12,,,,,,1600,660,3800,2100,3800,,4900,,1000,,670,,,,21,590,8.4,220,150,52,7800,240,150,9.7,
NP_005148.2,ABL1,ABL1(T315I)-phosphorylated,NP_005148.2|ABL1|ABL1(T315I)-phosphorylated,,,,,1.5,,25,,4800,20,,,10,870,550,,,450,160,31,,69,,2200,10,120,59,310,,,,,,,,,,,,180,,5.9,,,,,,2800,,2100,480,3900,,790,,120,,190,2800,,,3.6,1500,2.9,160,55,5.4,890,65,20,9.3,
NP_005148.2,ABL1,ABL1(Y253F)-phosphorylated,NP_005148.2|ABL1|ABL1(Y253F)-phosphorylated,,25,,,230,4500,10,,3800,55,,,37,830,8500,,,1100,910,46,2700,42,,,74,0.058,76,37,1600,,,360,,,,,,130,,350,430,36,,,,,,1000,13,480,0.88,1200,,,1900,350,,1800,,,,0.036,660,23,580,140,100,,56,9,7.8,
NP_005148.2,ABL1,ABL1-nonphosphorylated,NP_005148.2|ABL1|ABL1-nonphosphorylated,,2.1,,,84,680,0.68,,1500,100,,,230,1300,800,,,1100,3200,100,300,210,,,78,0.029,330,5.6,3400,,,2200,,,,,,1.1,3700,670,95,63,,,,,,1100,10,620,1.5,2600,,,460,150,,530,,,,0.12,130,37,920,270,200,,180,48,13,
NP_005148.2,ABL1,ABL1-phosphorylated,NP_005148.2|ABL1|ABL1-phosphorylated,,55,,,36,6700,13,,5500,78,,3500,64,570,,,,640,1000,54,3600,30,,,110,0.046,76,56,1500,,,480,,,,,,21,,390,320,75,,,,,,890,13,650,0.58,8200,,,2300,69,,340,,,,0.057,1400,22,620,150,170,,44,16,7.5,
NP_005149.3,ABL2,ABL2,NP_005149.3|ABL2|ABL2,,110,,,70,4500,3.4,,,730,,,2000,,1300,,,1800,6500,,1900,870,,,460,0.17,200,27,,,,1600,,,,,,10,,5300,950,250,,,,,,3300,26,3000,0.69,6900,,,2700,1200,,720,,,,1.5,2900,110,,1000,380,,570,69,4,1900
NP_005154.2,AKT1,AKT1,NP_005154.2|AKT1|AKT1,76,,,,,,,,,,,,,,,,,,4400,,,,,,,,,,,,,,,,2.2,,,,,,,,,,,,,,,,,,,950,,,,,,,,,,20,,,,,,,,
NP_005202.2,CSF1R,CSF1R,NP_005202.2|CSF1R|CSF1R,,7.6,3.4,10,21,5.6,5.8,,1400,13,,,48,,8100,,,1900,110,60,250,,,,210,0.58,,1.8,2800,,,,,,,2.2,670,11,,3.2,0.83,120,,,,,4.9,,45,7.9,0.67,700,,330,2700,3300,45,31,,,,380,28,12,3.6,2.5,48,,620,1200,1800,2600
NP_005219.2,EGFR,EGFR,NP_005219.2|EGFR|EGFR,,,,,,1300,520,,450,230,7000,2200,,0.25,7000,,,,1100,,,0.19,,,,120,0.67,440,3700,,,1,4100,,,,1.1,,,,,,2.4,,,,410,,,,1000,,,1300,,2400,,300,,1700,,35,,370,,,180,5100,3400,9.5,,
NP_005219.2,EGFR,EGFR(E746-A750del),NP_005219.2|EGFR|EGFR(E746-A750del),,,,,,3800,1900,,,440,5700,1900,,0.11,,,,,400,,,0.26,,,,130,0.48,310,1200,,,0.54,2200,,,,2.3,,,,,7100,8.6,,5100,,330,,,,180,,,7000,,220,,1100,5500,340,,18,,120,,,81,4100,6200,4.8,,
NP_005219.2,EGFR,EGFR(G719C),NP_005219.2|EGFR|EGFR(G719C),,,6500,,2300,2300,220,,120,150,4200,630,,0.1,6000,,,3000,1200,,,0.13,,,2700,170,0.85,120,520,,,2,,,,,0.37,,,,2600,2700,0.92,,,,210,,,,530,,,1500,,3900,,,7000,710,,98,,1100,9000,6800,2000,1400,,9.6,,
NP_005219.2,EGFR,EGFR(G719S),NP_005219.2|EGFR|EGFR(G719S),,,,,6200,1000,520,,170,84,5200,1300,,0.19,9100,,,2600,1100,,,0.19,,,,79,0.52,370,4000,,,1.1,,,,,0.91,,,,2000,4600,2.1,,,,230,,,,630,,,5300,,3000,,,9300,1300,,26,,1100,,,1600,8600,,5.9,,
NP_005219.2,EGFR,EGFR(L747-E749del;A750P),NP_005219.2|EGFR|EGFR(L747-E749del;A750P),,800,,,,960,220,,2900,700,3000,1100,,0.14,5300,,,,320,,,0.17,,,,110,0.52,160,2300,,,0.57,1800,,,,0.61,7600,,6800,,,2.2,,,,260,,,,1500,,,620,,970,,260,7000,1700,,29,,96,,,72,1300,1500,12,,
NP_005219.2,EGFR,EGFR(L747-S752del;P753S),NP_005219.2|EGFR|EGFR(L747-S752del;P753S),,,,,,4500,550,,8800,860,5300,6300,,0.12,,,,,1400,,,0.26,,,,320,0.47,210,2200,,,0.57,3100,,,,0.93,,,,,,3.9,,,,410,6400,,,1700,,,1700,,2400,,560,4600,1600,,38,,300,,,110,2500,5600,7.9,,
NP_005219.2,EGFR,EGFR(L747-T751del;Sins),NP_005219.2|EGFR|EGFR(L747-T751del;Sins),,1300,,,,2600,530,,3500,840,5500,4800,,0.12,6800,,,,560,,,0.26,,,,160,0.35,160,3000,,,0.52,2900,,,,1,,,,,,3.5,,,,470,,,,1100,,,1900,,770,,340,5500,1500,,30,,210,,,79,1500,3800,8.9,,
NP_005219.2,EGFR,EGFR(L858R),NP_005219.2|EGFR|EGFR(L858R),,,,,,7100,2600,,980,140,8000,1300,,0.2,,,,5100,860,,,0.24,,,,120,0.97,190,1700,,,0.94,2900,,,,0.67,,,,,,2.8,,,,400,3200,,,860,,,760,,1000,,250,9100,1900,,23,,270,,,46,1400,3300,8.7,,
NP_005219.2,EGFR,EGFR(L858R;T790M),NP_005219.2|EGFR|EGFR(L858R;T790M),,,,,,,1600,,,7400,,240,,1.1,,,,,7.8,940,,0.28,,,,2200,190,1800,750,,,140,150,,,,27,,,240,,640,,,,,,,,,,,,8.8,,660,,61,,1300,,390,,0.35,,860,3.4,2200,570,230,,
NP_005219.2,EGFR,EGFR(L861Q),NP_005219.2|EGFR|EGFR(L861Q),,4700,,,,3900,970,,510,120,8900,2700,,0.23,,,,5300,800,,,0.22,,,2700,110,1.2,86,1200,,,1.4,1400,,,,0.37,,,9600,3400,,1.2,,,,870,,,,1200,,,2800,,1400,,190,,3200,,71,,600,,,98,1900,5800,11,,
NP_005219.2,EGFR,EGFR(S752-I759del),NP_005219.2|EGFR|EGFR(S752-I759del),,,,,,,,,5200,1500,5000,5300,,0.14,7600,,,,1400,,,0.19,,,,330,1.6,1100,1400,,,0.98,3800,,,,0.63,,,,,,4.2,,,,350,,,,2300,,,1800,,4600,,450,6400,2000,,110,,290,,,400,800,,12,,
NP_005219.2,EGFR,EGFR(T790M),NP_005219.2|EGFR|EGFR(T790M),,,,,,,2100,,1500,1300,2200,360,,0.61,2400,,,,16,1400,,0.1,,,,2300,140,470,1600,,,40,74,,,,1.5,,,1100,,560,860,,7400,,,,,,,,,9.8,,2400,,72,,2500,,340,,0.77,3300,2400,7.1,6900,580,100,,
NP_005223.3,EPHA1,EPHA1,NP_005223.3|EPHA1|EPHA1,,,,,,,5400,,,5200,,,1200,,9800,,,,380,,7800,2500,,,140,4.1,,6.2,2300,,,4000,,,,,,,,6800,2600,150,,,,,,1800,590,,6.5,,,,,99,,67,,,,2300,3100,300,,,39,,730,230,1000,4700
NP_005224.2,EPHA3,EPHA3,NP_005224.2|EPHA3|EPHA3,,2500,3500,6500,,,80,,,3700,,,8600,,880,,,,160,,,2100,,,700,0.093,2400,1,3300,,,5500,,,,,,,6100,1600,,810,,,,,,2100,110,,7.6,,,,,390,,360,,,,5.8,1900,27,2300,2100,4000,,7100,2000,1500,
NP_005237.2,FER,FER,NP_005237.2|FER|FER,,,,,,,590,,,,,,73,,,,,,28,,8600,,,,270,,,37,,,,,9.3,,,,510,,,120,,1100,,,,,,4400,,2700,3500,,,1200,,,,130,,,,360,,24,34,1100,1.4,,1100,,4200,
NP_005239.1,FGR,FGR,NP_005239.1|FGR|FGR,,640,,,1800,6900,190,,,1100,,,300,,,,,,52,190,,2800,,,670,0.5,1100,40,,,,2600,,,,,1900,2400,,220,1800,440,,,,,,220,320,1600,2.4,1900,,730,62,160,,33,,,,6.3,7800,17,390,270,120,,82,270,790,1300
NP_005246.2,GAK,GAK,NP_005246.2|GAK|GAK,180,,2300,,2700,,1300,,,1700,,180,,79,,,1800,,7.3,490,,100,,,,2.6,3.1,,370,,2700,13,270,,,,250,1000,99,870,1500,260,,,1100,,3700,,,200,8.2,1300,,380,,320,,250,,19,,1.3,,17,44,20,5.3,1400,1.1,86,3200,
NP_005347.3,LCK,LCK,NP_005347.3|LCK|LCK,,31,,2500,2700,360,11,,380,67,,,6.2,570,1200,,,1100,430,250,640,320,,460,30,0.2,250,6,,,,630,,,,,120,40,,180,260,1200,,,,,7200,590,47,1200,1.1,320,,280,1800,200,,30,,2800,,0.59,2700,30,2300,230,49,3500,72,17,61,4600
NP_005391.1,PRKCE,PRKCE,NP_005391.1|PRKCE|PRKCE,11,,,,,,,,,,,,,,,,,,160,,,,,,,,,,380,,,,,,5.3,,,,530,,,,,8.9,11,,,,,,,,,540,,9,,,,,,2400,,0.25,,,2000,,8100,,,
NP_005397.1,ROCK1,ROCK1,NP_005397.1|ROCK1|ROCK1,37,,,,,,1500,,,,,,,,,,,,56,760,,,,470,3700,,,,1200,,,,,4900,280,,,,60,,,300,,,,,,,,,,,,7800,,,,590,2100,,,870,,0.28,1200,460,37,,2100,,,
NP_005408.1,SRC,SRC,NP_005408.1|SRC|SRC,,900,,,,,340,,,81,,,580,2800,,,,1600,640,1800,1100,1100,,,560,0.21,700,20,,,,3800,,,,,4100,,,2400,2300,2800,,,,,9600,800,1900,2800,0.71,,,1200,4700,220,,8.4,,5300,,1,,86,4900,2100,280,,75,70,170,5500
NP_005415.1,TIE1,TIE1,NP_005415.1|TIE1|TIE1,,,110,3200,97,,0.29,,350,290,,,2200,,8.3,,,1100,680,4000,150,2200,,,110,,850,0.79,,,,,,1400,,,390,,,,,300,,,,,,1600,1000,700,1200,1200,,1400,,,,76,,,,2900,68,65,5700,3900,15,,700,1500,270,
NP_005424.1,YES1,YES,NP_005424.1|YES1|YES,,570,,,2700,5000,260,,3800,260,,,80,,4900,,,,160,580,940,1600,,,770,0.3,2200,48,,,,,,,,,240,,,430,3100,18,,,,,,260,1100,5000,2.3,1400,,950,1800,160,,35,,,,4,,52,260,120,23,,120,120,470,1600
NP_005456.1,AKT3,AKT3,NP_005456.1|AKT3|AKT3,180,,,,,,,,,,,,,,,,,,6200,,,,,,,,,,,,,,,,3,,,,,,,,,1000,1400,,,,,,,,,4400,,2600,,,,,,,,170,,,,,,,,
NP_005537.3,ITK,ITK,NP_005537.3|ITK|ITK,,,,,1200,,990,,,,,,210,,,,,,290,530,,5600,,,2000,,,69,,,,,,,,,,,,490,,240,,,,,,,,,,,,,,,,400,,,,1700,,19,190,13,34,,490,,350,
NP_005560.1,LIMK2,LIMK2,NP_005560.1|LIMK2|LIMK2,,,4700,,,,1800,,,,,,,,,,,,,,,,,,690,86,,1700,,,,,,,,,,,,,500,,,,,,,,,390,310,,3500,,620,,,1400,,,,,9600,9200,,,1100,,7900,,2600,
NP_005583.1,MUSK,MUSK,NP_005583.1|MUSK|MUSK,,,10,1000,,,3.1,,1500,,,,590,,1900,,,,4100,830,,,,,230,,,13,,,,,,,,,,,,5600,,200,,,,,,,,,,,,,,,,100,,,,,130,86,100,490,260,,800,,300,
NP_005725.3,HIPK3,HIPK3,NP_005725.3|HIPK3|HIPK3,110,,2300,,,,4,,2500,,,3600,850,,,,2000,,250,5100,,,,,,,,43,4300,,600,,3400,,200,,,,1200,4000,,580,,,77,,,,,,,63,310,2300,9700,130,,3200,,,,3200,440,75,83,41,6900,,1300,,,
NP_005804.1,PRKD3,PRKD3,NP_005804.1|PRKD3|PRKD3,1000,,,,,,1500,,,,,350,640,,,,750,,8.9,,,,,,510,,,7500,170,,,,410,1900,990,,2400,,,480,,780,,,,,,,,,,,,3200,,,,3900,,,,4600,,18,2700,280,90,900,9600,,,
NP_005897.1,MAK,MAK,NP_005897.1|MAK|MAK,,,,,,,1000,97,,,,,,,,,2300,,1700,,,,,,,,,1800,28,,,,,,,,,,,,,,,,,,,,,,,890,,,,,,,11,,,,,2600,,,,,,,,
NP_005912.1,MAP3K1,MAP3K1,NP_005912.1|MAP3K1|MAP3K1,,,,,,,1800,,,,,,,,,,,,4400,,,,,,1100,,,,,,,,,1500,,,,,4200,,,,,,,,,,,2900,,,,,,2500,,,3500,,,4400,,350,,,4300,,,,,
NP_005913.2,MAP3K4,MAP3K4,NP_005913.2|MAP3K4|MAP3K4,,,,,5600,,,,,,,,,,,,,,2600,5500,,8400,,,,310,,1900,,,,,,,,,39,,,6700,,1600,,,,,,,,,56,1800,,,,,,840,,,,110,,1200,,4800,2000,,4100,3000,2500,
NP_005914.1,MAP3K5,ASK1,NP_005914.1|MAP3K5|ASK1,,,,,,,,,,,,,,,,,,,70,,,,,,,,,,,,,,,,,,,,,,,,,,,,,,,,,,,,,,,,,,,,,110,,,,,,,,
NP_005966.1,PTK6,BRK,NP_005966.1|PTK6|BRK,,,,,,1000,,,,560,,,,,,,,,1700,,3600,3800,,,,7.8,,4.3,,,,,,,,,,,,,70,,,,,,,,,2300,48,,,,48,1000,2400,360,,3900,,,,2300,,4600,36,5000,1200,160,,
NP_005981.3,STK10,LOK,NP_005981.3|STK10|LOK,,,460,2100,1200,1100,0.92,,2800,23,,4900,87,4300,12,,,220,5.7,550,60,1900,,,44,1200,19,0.53,,1300,,470,,69,,,13,,,1700,22,13,4400,,280,,9500,3700,6800,84,1800,290,,590,,77,,70,380,,,7,150,0.037,230,19,82,,2900,81,120,
NP_006026.3,CDC42BPB,MRCKB,NP_006026.3|CDC42BPB|MRCKB,95,,,,4800,,,,,,,,,,910,,,,1000,,,,,,,2100,,330,3300,,,,,,,,,,,,,,,,,,,,910,,1100,,,,,,,,,2700,,,,42,,,4800,,,2500,,
NP_006171.2,NTRK2,TRKB,NP_006171.2|NTRK2|TRKB,,,1100,620,,,190,,,,,,19,,570,,,,14,720,,,,,37,,,4.1,,,,,,,,36,,,360,120,,140,,,,,740,,490,,,800,,310,,2800,,900,,,,1200,2100,3.8,990,590,130,,3100,,240,
NP_006192.1,PCTK1,PCTK1,NP_006192.1|PCTK1|PCTK1,1500,,2800,,5300,,420,1.1,6300,,,,21,,,890,7.1,,27,430,,,,,,,,890,440,,1100,,,,,,2300,,,,,830,,5300,2600,,6000,,,1200,,1100,,,,,,,0.54,,,2400,,24,940,150,560,,3100,,230,
NP_006197.1,PDGFRA,PDGFRA,NP_006197.1|PDGFRA|PDGFRA,,25,4.2,11,0.51,10,27,,38,0.41,,,16,,1200,,,11,350,54,1100,5200,,,,0.47,1800,4.5,5900,,,,,,,,,31,,27,0.49,130,,,,,2.4,,180,4.9,5.6,2000,,380,190,220,96,60,,,,5100,62,10,1.1,0.79,840,,2700,230,1600,8800
NP_006204.1,PHKG1,PHKG1,NP_006204.1|PHKG1|PHKG1,1200,,,,,,,,,,,,140,1300,,,3800,,0.39,640,,,,,,,,,2200,,,3700,1100,,,,,,5700,590,,210,,4200,3700,,,,,,,1900,,900,,,,,,,,340,,0.65,83,5.5,17,,330,1100,2200,
NP_006209.2,PIK3CA,PIK3CA,NP_006209.2|PIK3CA|PIK3CA,,,,,,,,,,,,,,,,,,,4900,,,,,,,,,,,,1.1,,,,,,,,,,,,,,,,,,,,,,1.5,,,150,,,,,,,,,,,,59,,,,
NP_006209.2,PIK3CA,PIK3CA(C420R),NP_006209.2|PIK3CA|PIK3CA(C420R),,,,,,,,,,,,,,,,,,,4900,,,,,,,,,,,,1.5,,,,,,,,,,,,,,,,,,,,,,1.3,,,200,,,,,,,,,,,,98,,,,
NP_006209.2,PIK3CA,PIK3CA(E542K),NP_006209.2|PIK3CA|PIK3CA(E542K),,,,,,,,,,,,,,,,,,,5900,,,,,,,,,,,,1.5,,,,,,,,,,,,,,,,,,,,,,1.4,,,190,,,,,,,,,,,,83,,,,
NP_006209.2,PIK3CA,PIK3CA(E545A),NP_006209.2|PIK3CA|PIK3CA(E545A),,,,,,,,,,,,,,,,,,,5600,,,,,,,,,,,,0.86,,,,,,,,,,,,,,,,,,,,,,1.5,,,230,,,,,,,,,,,,83,,,,
NP_006209.2,PIK3CA,PIK3CA(E545K),NP_006209.2|PIK3CA|PIK3CA(E545K),,,,,,,,,,,,,,,,,,,7400,,,,,,,,,,,,1.2,,,,,,,,,,,,,,,,,,,,,,1.5,,,190,,,,,,,,,,,,72,,,,
NP_006209.2,PIK3CA,PIK3CA(H1047L),NP_006209.2|PIK3CA|PIK3CA(H1047L),,,,,,,,,,,,,,,,,,,49,,,,,,,,,,,,3.7,,,,,,,,,,,,,,,,,,,,,,3.2,1100,,380,,,,,,,,400,,,,300,3900,,,
NP_006209.2,PIK3CA,PIK3CA(H1047Y),NP_006209.2|PIK3CA|PIK3CA(H1047Y),,,,,,,,,,,,,,,,,,,650,,,,,,,,,,,,4.1,,,,,,,,,,,,,,,,,,,,,,3.4,,,440,,,,,,,,,,,,150,,,,
NP_006209.2,PIK3CA,PIK3CA(I800L),NP_006209.2|PIK3CA|PIK3CA(I800L),,,,,,,,,,,,,,,,,,,,,,,,,,,,,,,7.1,,,,,,,,,,,,,,,,,,,,,,2.9,,,180,,,,,,,,,,,,140,,,,
NP_006209.2,PIK3CA,PIK3CA(M1043I),NP_006209.2|PIK3CA|PIK3CA(M1043I),,,,,,,,,,,,,,,,,,,1100,,,,,,,,,,,,4.5,,,,,,,,,,,,,,,,,,,,,,3,,,360,,,,,,,,,,,,300,,,,
NP_006209.2,PIK3CA,PIK3CA(Q546K),NP_006209.2|PIK3CA|PIK3CA(Q546K),,,,,,,,,,,,,,,,,,,5400,,,,,,,,,,,,1.7,,,,,,,,,,,,,,,,,,,,,,1.5,,,140,,,,,,,,,,,,86,,,,
NP_006210.1,PIK3CB,PIK3CB,NP_006210.1|PIK3CB|PIK3CB,,,,,,,,,,,,,,,,,,,6700,,,,,,,,,,,,16,,,2000,,,,,,,,,,,,,,,,,,,1.7,,,120,,,,,,,,,,,,80,,,,
NP_006243.2,PRKAA2,AMPK-alpha2,NP_006243.2|PRKAA2|AMPK-alpha2,,,,,,,,,,,,,84,,,,,,56,820,,,,,,,,1200,,,,,,,,,,,,4.1,,440,,5000,,,,,,,,770,,460,,,,750,,,,,,12,290,89,49,,4700,,350,
NP_006245.2,PRKCD,PRKCD,NP_006245.2|PRKCD|PRKCD,27,,,,,,,,,,,,,,,,,,240,,,,,2000,,,,,590,,,,,3000,54,,,,,,,,,25,3.6,,,,,,,,,320,,,,4100,,,,1600,,1.5,,,3500,,,,,
NP_006246.2,PRKCH,PRKCH,NP_006246.2|PRKCH|PRKCH,9.5,,,,,,,,,,,,,,,,,,140,,,,,,,,,,350,,,,,,2.4,,,,,,,,,46,1800,,,,,,,,,290,,810,,,,,,,,4.8,,,,,,,,
NP_006247.1,PKN2,PKN2,NP_006247.1|PKN2|PKN2,590,,,,2700,,,,,,,,1400,,,,,,1.8,9900,,,,1200,,,,,,,,,,620,3100,,,,,4700,,880,,,1500,,,,,,,,,15,,,,2600,7300,,,3200,,2.5,3800,1300,680,,,,5000,
NP_006248.1,PRKCQ,PRKCQ,NP_006248.1|PRKCQ|PRKCQ,12,,,,,,2200,,,,,,5500,,,,,,100,3200,,,,,,,,,350,,,,,,16,,,,,,,,,36,2.5,,,,,,,,,920,,,,,,,,910,,8.5,7200,4300,1500,,,,5300,
NP_006249.1,PRKG1,PRKG1,NP_006249.1|PRKG1|PRKG1,270,,,,,,,,,,,,14,,,,,,370,,,,,,,,,,,,,,,,210,,,,,,,2500,,1100,,,,,,,,,,250,,,,,,,,,,32,,,430,,3800,,,
NP_006250.1,PRKG2,PRKG2,NP_006250.1|PRKG2|PRKG2,19,,,,,,,,,,,,,,,,,,25,,,,,,,,,,,,,,,,3.1,,,,690,,,800,,170,3100,,,,,,,,,74,,520,,3600,,,,,,16,,,240,,1600,,,
NP_006272.1,STK3,MST2,NP_006272.1|STK3|MST2,5400,,1500,,2200,,860,,,,,,38,,,,,,2.4,480,,,,,990,,,,9400,,,,,,,,58,,,160,,,,1900,960,,,,,,1500,1900,,220,,2600,,3000,,,,370,,0.18,65,56,310,,,,510,
NP_006273.1,STK4,MST1,NP_006273.1|STK4|MST1,,,1400,,1400,,3000,,,4300,,,9,,,,,,3,200,,,,,580,3800,,1100,,,,,,,,,270,,,48,7700,560,,,,,,,,,4400,,,40,,,,,,,,190,,0.19,130,19,330,,,,200,
NP_006276.2,TESK1,TESK1,NP_006276.2|TESK1|TESK1,,,,,4300,,2400,,,,,,,,,,,,290,,,3200,,,380,33,,260,,,,,,,,,,,,,1100,,,,,,,,,,79,,,,1500,300,,360,,,,,,320,,,,,3200,3700,5600,
NP_006284.2,TYRO3,TYRO3,NP_006284.2|TYRO3|TYRO3,,,,,,,,,,830,,,4900,,,,,,650,9300,,1000,,,800,,3900,2,,,,,,,,,,,,,2000,,,,,,,3100,,,450,2000,,,,,,1900,,,,61,,280,2400,49,7200,,,93,,
NP_006287.2,VRK2,VRK2,NP_006287.2|VRK2|VRK2,4000,,,,,,,,,,,,,,,,,,,,,,,,,3200,,,63,,,,,,,,,,4000,,,,,,,,,,,,,,,,,,,,,,,710,,,,,,,,,,
NP_006292.2,MAP3K12,DLK,NP_006292.2|MAP3K12|DLK,,,,,1700,,2500,,,,,,140,,,,,,840,2100,,,,,170,,,22,,,,,,,,,370,,,330,,67,,,,,,,,,,670,,,,,,,,,,670,,1500,560,100,42,,6300,,190,
NP_006365.2,STK25,YSK1,NP_006365.2|STK25|YSK1,,,,,,,1200,,,,,,,,,,,,97,1200,6800,,,,,3400,,5700,,,,,,,,,12,,6300,3100,,4300,,,,,,,,,2700,,,1800,,,,9200,,,,900,,110,360,290,7700,,7200,,4800,
NP_006540.3,CAMKK2,CAMKK2,NP_006540.3|CAMKK2|CAMKK2,740,,,,1500,,220,2400,,,,23,920,,,,,,15,,,,,,1500,,,4400,430,,,,,,,,,,,,,470,,6700,2400,,,,,,,73,,73,,3800,,,1400,,,780,,0.16,2500,1500,11,,4000,,,
NP_006566.2,MAP4K5,MAP4K5,NP_006566.2|MAP4K5|MAP4K5,,,910,440,550,,350,,160,100,,,390,,,,,1400,43,620,830,2600,,,79,45,,4,,,,,,,,,0.65,,,360,3000,260,,,,,780,,,3000,230,79,,1100,3200,,,,,,,0.5,1600,18,300,41,190,,,450,83,
NP_006600.3,MAP3K2,MAP3K2,NP_006600.3|MAP3K2|MAP3K2,,,,,,6900,2300,,,,,,9.4,,,,,,4.8,71,,3800,,,72,140,2500,1900,6100,,,3300,,,340,,450,,41,86,,72,,,710,,,,,290,630,5200,,140,,870,,94,,,,30,,2.4,73,57,110,,580,,1100,
NP_006613.2,PLK2,PLK2,NP_006613.2|PLK2|PLK2,,,,,,,,,,,,0.81,,,,,,,330,570,,,,,,,,,,,,,,500,,,,,1500,,,,,,,,,,,,,8300,,,,1400,,34,,,,960,,200,,4700,1200,,2400,,,
NP_006866.2,PIM2,PIM2,NP_006866.2|PIM2|PIM2,220,,,,,,,,,,,,,,,,,,250,,,,,,,,,,770,,,,,,680,,,,,620,,,,870,1700,,,,,,,,,3100,,240,,,,,,,,1.9,,,,,,,,
NP_009105.1,CIT,CIT,NP_009105.1|CIT|CIT,13,,,,,300,52,,5700,,,5200,,2900,2100,,3900,,85,8200,87,1300,,,,,680,3200,110,3500,,1300,,,200,,,,,,,650,,,1400,,,,,,,,,,,,8800,440,,420,,2400,6200,340,94,3900,,,140,1800,,
NP_009130.1,IRAK3,IRAK3,NP_009130.1|IRAK3|IRAK3,,,,,,,,,7900,,,,5300,,,,2900,,16,,,3000,,,31,,,370,,,1700,1500,,3500,,,,,,,2300,240,,,,,730,1400,,800,,610,,180,,1000,,11,,,,,,13,1900,940,160,,120,,,
NP_009202.1,STK38,NDR1,NP_009202.1|STK38|NDR1,,,,,,,,,,,,,,,,,,,220,660,,,,,,,,,,,,,,,,,,,,,,390,,,,,,,,,,,,,,,,9400,,,,,,56,700,410,440,,5800,,,
NP_036356.1,NEK1,NEK1,NP_036356.1|NEK1|NEK1,,,,,,,5200,,,,,,,,,,,,2500,,,,,,,,,,,,,,,1800,,,,,,,,3100,,,,,,,,,8300,,,,,,,170,,,,,,860,,,,3800,3400,,,
NP_036422.3,TLK1,TLK1,NP_036422.3|TLK1|TLK1,,,,,,,,2400,,,,,,,,,,,110,,,,,,,,,,,,,,,,,,,,,,,2700,,510,2100,,,,,,,,,,,,,490,,,,570,,27,630,740,,,1300,,4000,
NP_036527.1,PFTK1,PFTK1,NP_036527.1|PFTK1|PFTK1,790,,,,,,17,16,,,,,470,,,,690,,720,,,,,,,,,31,110,,,,,,,,,,,,,870,,1500,,,,,,,,1300,,,,,,,11,,,1400,2900,160,1100,270,,,2600,,,
NP_036530.1,PIP5K1C,PIP5K1C,NP_036530.1|PIP5K1C|PIP5K1C,,,,,,,,,,,,,,,,,,,,4300,,,,,,,,,2600,,,,,6700,1500,,,,,,,,,6600,510,,,,,1900,,,,,,18,,130,,2600,,,,2700,,,,310,,,,
NP_037365.2,STK39,STK39,NP_037365.2|STK39|STK39,,,,,,,1500,,,,,,520,,,,,,1100,530,,,,,,,,,,,,,,,,,,,1900,,,890,,,,,,,,,,,,,,,,,,,,3700,,130,430,140,150,,1600,,,
NP_037386.1,TBK1,TBK1,NP_037386.1|TBK1|TBK1,,,,,,,,,,,,,150,,,,,,18,130,,,,,690,,3100,800,470,,,,,,,,,,1700,470,,130,,,970,,,,,,,970,,9.3,,,,23,,,,250,,0.89,160,120,470,,92,,490,
NP_037389.4,SGK3,SGK3,NP_037389.4|SGK3|SGK3,5100,,1900,,,,150,,,,,,1000,,,,,,5.8,960,,,,,,,,,,,,,,,1900,,,,,,,96,,,1400,,,,,,,,,1400,7200,,,,,,,,,3.4,250,220,,,2500,,,
NP_054721.1,IKBKE,IKK-epsilon,NP_054721.1|IKBKE|IKK-epsilon,,,,,,,,,,,,,170,,,,,,11,480,,,,,710,,,1400,3100,,,,,,,,,,1200,1300,,340,,,,,,,,,,700,,160,,,,13,,,,53,,5.1,480,620,1100,,360,,2600,
NP_055030.1,INSRR,INSRR,NP_055030.1|INSRR|INSRR,,,3900,,,,1400,,,,,,21,,,,,,1800,,,,,,600,,,53,,,,,8.6,,,,4600,,,1200,,420,,,,,,,,,,3500,,,,,,4600,,,,,,81,2000,430,6.2,,1600,,290,
NP_055079.2,PLK4,PLK4,NP_055079.2|PLK4|PLK4,,,2300,,16,,,,4700,2100,,,53,,,,,,1.5,,,,,,60,,1900,3.5,8400,,2600,,,,,,,7800,200,31,140,21,,,4700,,7600,410,,290,,410,,66,3500,70,,4.2,,,,,4500,0.77,180,190,0.93,,96,620,9.2,
NP_055141.2,DAPK2,DAPK2,NP_055141.2|DAPK2|DAPK2,2500,,,,,,,,,,,930,3200,,,,,,63,,,,,,,,,,,,,,1100,2900,,,,,97,3400,,1800,,,,,,9100,,,,,2700,890,,94,,62,,,,,,1.6,400,150,870,,29,,,
NP_055185.2,SRPK3,SRPK3,NP_055185.2|SRPK3|SRPK3,1500,,,,2300,,,,,,,,12,,,,,,13,250,,,,,8200,,8300,,,,,,,7600,,,,,3300,6000,,200,,,1600,,,,,,,1600,,80,,,,400,,,,3900,,73,120,59,2900,9300,170,,240,
NP_055212.2,NEK6,NEK6,NP_055212.2|NEK6|NEK6,,,,,,,2500,,,,,,,,,,,,4400,1500,,,,,,,,,,,,,,,,,,,,,,120,,,,,,,,,,,,,,,,6.3,,,,,,,600,,1300,,120,,,
NP_055228.2,EIF2AK1,EIF2AK1,NP_055228.2|EIF2AK1|EIF2AK1,,,,,,,,,1500,3100,,,,,,,,,,,,,,,,,,980,870,,,,,,,,,,,,,,,,,,,,,,,,,,,,,,,,,630,,,,,,,1000,,,
NP_055311.1,RPS6KA6,RSK4(Kin.Dom.1-N-terminal),NP_055311.1|RPS6KA6|RSK4(Kin.Dom.1-N-terminal),,,,,,,,,,,,,230,,,,,,110,4600,,,,,,,,,2100,,5400,,3000,350,,,,,1400,3000,,440,,25,2300,,,,,,,6800,,1500,,610,,,,,,2700,,18,3100,2400,27,,,,,
NP_055311.1,RPS6KA6,RSK4(Kin.Dom.2-C-terminal),NP_055311.1|RPS6KA6|RSK4(Kin.Dom.2-C-terminal),,,,,,,3400,,,,,1300,,3100,,6700,,,9100,,,,,540,,,,,800,,,,,,,,,,150,,,,,,,,,,,,,,,,,7300,,,,250,,,7500,3300,,,160,970,360,240,,
NP_055387.1,LATS2,LATS2,NP_055387.1|LATS2|LATS2,620,,1700,,,,3000,,,,,,380,,,,,,1,530,,,,,,,,,,,,,,,140,,,,,2100,,1500,,,640,,,,,,,,,2200,,4000,,4000,,,,,,17,430,460,2000,1800,8000,,6500,
NP_055401.1,HUNK,HUNK,NP_055401.1|HUNK|HUNK,,,,,1500,,,,,,,9700,,,,,,,570,410,,6400,,,,,,5400,,,,,,,,,,,,,,460,,,,,,,,,,1400,,240,,,,,,,,5000,,620,3.7,500,350,,,4100,9800,
NP_055498.2,ULK2,ULK2,NP_055498.2|ULK2|ULK2,6000,,,,9900,,360,,,,,,380,,,,,,60,54,,,,,1600,,,,470,,,,,1400,2300,,,,190,450,,130,,,,,,,,,,1500,,,,4900,,19,,,,450,,0.79,65,13,1.8,,79,,,
NP_055535.2,SLK,SLK,NP_055535.2|SLK|SLK,,,450,4600,1000,1300,23,5900,,22,,4100,51,3700,150,,,170,35,300,510,1800,,,18,720,26,3,,1300,,920,,1100,,,66,,,720,60,13,3300,3100,400,,,,,240,3700,350,,220,5100,84,,33,96,3700,,4.7,1000,0.024,460,56,21,,680,95,82,
NP_055606.1,MELK,MELK,NP_055606.1|MELK|MELK,590,,,,,,830,,,,,,4.9,,,,5600,,26,1600,,,,,,,,300,,,5700,,,,890,,1600,1900,2200,1100,,210,,5600,,,,,,,,,,280,,170,,,,,,,,33,340,350,99,,2600,,240,
NP_055655.1,NUAK1,ARK5,NP_055655.1|NUAK1|ARK5,,,,,,,,,,,,,160,,,,,,3.7,240,,,,,,,,,,,,,,,420,,1500,,,2300,,,,,1800,,,,,,,620,,41,,,,75,,,,5900,,4.4,460,48,13,,34,,200,
NP_055726.3,AAK1,AAK1,NP_055726.3|AAK1|AAK1,43,,,,1200,,,,3000,,,2800,63,,,,,,3.1,170,,,,,2300,,1200,,5300,,9100,,,,,,,,120,520,,48,,2700,900,,,,,2900,,320,,48,,1600,,410,,,,2300,,1.2,66,11,470,870,35,,290,
NP_055735.1,ICK,ICK,NP_055735.1|ICK|ICK,550,,,,,,2500,8.3,,,,,1700,,,,150,,39,,,,,,,,,,0.69,,9300,,,,,,,,,,,2200,,680,240,,,,,,,400,,5900,,,,,2.2,,,,,16,1200,470,4000,,1900,,,
NP_055790.1,MAST1,MAST1,NP_055790.1|MAST1|MAST1,,,,,,,,,,,,,4600,,,,6200,,19,40,,,,,,,,,,,,,,,,,5500,,520,,,,,,,,,,,,,,,190,,,,,,,,350,,150,300,200,3300,,,,,
NP_055815.1,STK38L,NDR2,NP_055815.1|STK38L|NDR2,,,,,,,2100,,,,,,,,,,,,370,,,,,,,,,,,,,,,,,,,,,,,1100,,,,,,,,,,,,,,,,,,,,,,28,2000,970,580,,,,6900,
NP_055843.1,TNIK,TNIK,NP_055843.1|TNIK|TNIK,140,,2800,2800,180,,69,,8500,810,,,53,,140,,,160,5.4,24,1500,8200,,,,2000,4500,210,,2300,,6900,,,,,140,,,150,2300,28,,,,,,,,310,430,310,,1600,2500,270,,1300,,820,,31,7900,4.7,90,25,1200,,,2300,1800,
NP_055891.1,CDC2L6,CDK11,NP_055891.1|CDC2L6|CDK11,1300,,74,,,,1.5,3300,,,,,,,200,,950,,,,5100,,,,,,,87,57,,,,,,,,,5500,,,,,,,,,,,,,,,,7200,700,2500,1500,,,,,,250,190,,,,,,,,
NP_056006.1,SIK2,SIK2,NP_056006.1|SIK2|SIK2,,,,,,,,,,2100,,,280,,,,,,15,3700,,4900,,,200,6.4,2600,640,,,,2100,,,6900,,3300,,,400,,560,,,,,,,,7300,26,2500,,560,1900,520,,78,,,,29,,1.1,750,580,17,,98,430,1700,
NP_056505.1,STK36,STK36,NP_056505.1|STK36|STK36,,,,,,,1300,,4600,,,,,,,6500,260,,3800,,8300,4500,,,,210,4400,180,,,,5700,,,2600,,5300,,,,,,,,,,,,,470,290,,,,2900,,,230,,1300,,570,3800,6700,,,1400,,870,,,
NP_057062.1,TNNI3K,TNNI3K,NP_057062.1|TNNI3K|TNNI3K,,,,,,220,170,,,,,,,,,,,,2100,,5900,5600,,,110,11,570,130,55,,,,,,,,,4300,,,,,,,,,,,360,,47,,,,,880,,310,3800,3500,,170,280,1000,,,2000,1400,1800,2800,,
NP_057207.2,IRAK4,IRAK4,NP_057207.2|IRAK4|IRAK4,2500,,,,,,,,,,,2100,810,,,,,,1.7,130,,1200,,,3600,,,,1500,,,540,,,,,,,,860,,680,,,,,,,,,,2500,,,,4300,,140,,,,360,,1.7,82,66,77,,1200,75,3700,
NP_057235.2,TAOK2,TAOK2,NP_057235.2|TAOK2|TAOK2,4900,,,,,,44,50,,5900,,,,,,,1800,,500,,140,,,,900,5400,,6900,250,,,,,,1400,,,,310,,,,,,3900,,,,,1800,440,1200,,,,390,,640,750,,,1900,540,12,,,740,,760,,430,
NP_057315.3,NLK,NLK,NP_057315.3|NLK|NLK,,,,,,,160,,,,,,,,1000,,,,770,,,,,,,260,,170,,,,4200,,,3400,,,,,,3000,,,,,,,,,4400,35,,,,,480,,,,25,,2200,640,220,,,,,,,,
NP_057365.2,TAOK3,TAOK3,NP_057365.2|TAOK3|TAOK3,1100,,260,,,,5.8,57,,5000,,1700,,,,,620,,86,,720,,,,490,2300,,,99,,,,1400,1400,9300,,4200,,590,2200,,1000,,,97,,,,1700,45,390,43,,,,490,,4600,210,,,340,2700,0.22,310,210,44,2400,1900,,81,
NP_057541.2,PRKD2,PRKD2,NP_057541.2|PRKD2|PRKD2,,,,,,,950,,,,,510,720,,,,3900,,8.1,,,,,,,,,,1100,,,,,,,,1100,,,320,,1500,,,890,,,,,,,,,6300,,,,,,,,,,72,3700,380,160,,,,,
NP_057626.2,MST4,MST4,NP_057626.2|MST4|MST4,,,8300,,,,,,,4500,,,49,,,,,,230,540,,,,,2800,1900,,,,,,,,,5400,,7.4,,3100,1200,,1100,,6900,,,,,,,4100,3800,,,,3700,,,,,,37,,140,330,340,510,,7500,,3500,
NP_059129.3,MYO3A,MYO3A,NP_059129.3|MYO3A|MYO3A,,,,,1900,,41,,,,,6300,,,,,,,260,,,,,,,,,2800,,,,,,,,,,,,,,740,,,,,,,,,,,,,,830,,,,,,6200,,500,1400,3100,67,,,,,
NP_059145.2,EPHB2,EPHB2,NP_059145.2|EPHB2|EPHB2,,,1400,,,,130,,,,,,,,440,,,,6900,,,2700,,,,0.39,,3.9,,,,,,,,,,,,3300,,,,,,,,,640,,19,,,,,560,,880,,,,8.4,1900,2100,,,1500,,3900,440,5600,
NP_059672.2,MARK2,MARK2,NP_059672.2|MARK2|MARK2,,,,,,,,,,,,,1400,,,,,,14,1500,,,,,,,,,,,,,,,720,,,,660,2300,,440,,,,,,,,,9900,3600,,100,,6200,,280,,,,,,0.7,440,310,44,,3100,,1400,
NP_059995.2,CDC42BPG,DMPK2,NP_059995.2|CDC42BPG|DMPK2,460,,8300,,,,,,,,,,,,1200,,,,2500,,,,,,,1200,3400,180,,,,,,,,,,,,,,2100,,,,,,,,,250,,,,,,,,,400,,,,37,,,9500,,,2200,,
NP_060042.2,MKNK2,MKNK2,NP_060042.2|MKNK2|MKNK2,3400,,270,2600,,,3,,1200,,,,,1600,1600,,4300,,1.4,,,1800,,1600,,,1000,3.7,3200,,,1200,,,,,,,200,,,1200,,,,,,,,,,,,950,,820,,130,,,,,130,17,5500,5700,44,720,380,1700,5200,
NP_060063.2,BMP2K,BIKE,NP_060063.2|BMP2K|BIKE,120,,,,1000,,,,,,,,2.2,,,,,,16,54,,3800,,7100,740,,1200,,,,,,,470,,,,,210,140,,9.6,,2900,430,,,,,8800,,47,,220,,6000,,1900,,,,350,,5.6,27,5.5,1900,640,32,,65,
NP_060132.3,TRPM6,TRPM6,NP_060132.3|TRPM6|TRPM6,,,,,,,,,,,,,,,,,,,,,,,,,,,,,,,,,,,,,,,,,,,,,,,,,,,,,,,,,,,,,,,,,,,,7.9,,,,
NP_060189.3,SNRK,SNRK,NP_060189.3|SNRK|SNRK,,,,,,,,,,,,,,,,,,,,,,,,,,,,,,,,,,,,,,,,,,,,,,,,,,,,,,,,,,,,,,,,90,1500,640,300,,230,,,
NP_060813.1,RIOK2,RIOK2,NP_060813.1|RIOK2|RIOK2,5300,1700,,,,,550,,,,,,,,,,1500,,6700,260,,,,,,,,,,1200,670,,2000,,,,,,1200,,,5000,,,,,,,,610,,,770,97,770,9100,,3400,,,,,,390,140,49,,1500,2600,,250,
NP_060871.1,STK32B,YANK2,NP_060871.1|STK32B|YANK2,,,270,,,,,,,,,,,,,,,3900,5900,,,,,,,,,,,,,,,,,,6400,,,,,,,,,,,,,,1200,,,,,1400,,,,2100,,,,98,,,24,,,,,
NP_061120.3,MARK1,MARK1,NP_061120.3|MARK1|MARK1,,,,,,,,,,,,,1400,,,,,,83,2300,,,,,,,,,,,,,,,,,,,,4200,,310,,,,,,,,,,,,170,,,,270,,,,,,4,1500,1200,31,,700,,4900,
NP_063937.2,GSK3A,GSK3A,NP_063937.2|GSK3A|GSK3A,3900,,,,,,8500,23,,,,,430,,,,28,,2300,,,,,,,,,,1300,,,,,,5200,,,,,380,,,,,,,,,,,,,,2500,,,,2500,280,,,,,140,,,,,,,,
NP_064553.1,PAK6,PAK6,NP_064553.1|PAK6|PAK6,760,,,,,,,,,,,,,,,,,,9.9,,,,,,,,,,,,,,,,21,,7500,,2900,5600,,1300,,,,,,,,,,,,,,1100,,310,,,,,,0.57,,2400,3500,,6900,,9700,
NP_064632.2,CABC1,ADCK3,NP_064632.2|CABC1|ADCK3,,,,,,,,,,,,,,,,,,,,,,1500,,,,190,1900,,,,,,,,,,,,,,,,,,,,,,,,910,,,,,3200,,1100,,,,,,,,,1700,94,7000,4500,,
NP_065074.1,PAK7,PAK7,NP_065074.1|PAK7|PAK7,670,,,,,,,,,,,,1300,,,,,,24,,,,,,,,,,,,,,,,8.9,,,,1300,410,,390,,,,,,,,,,2600,,,,520,,69,,,,,,1.2,1300,640,390,,1200,,3300,
NP_065130.1,CAMK1D,CAMK1D,NP_065130.1|CAMK1D|CAMK1D,2400,,,,,,4400,,,,,5400,2200,,,,,,47,,,,,1600,,,,5300,,,,,,,2500,,5600,,120,6600,,530,,,4500,,,,,,,1500,,670,,1500,,200,,,,550,,1.1,970,510,230,,460,,4900,
NP_065172.1,CAMK1G,CAMK1G,NP_065172.1|CAMK1G|CAMK1G,,,,,,,,,,,,,260,,,,,,470,,,,,,,,,,,,6800,,,,,,,,2200,6200,,2100,,,,,,,,3700,,,,1800,,,,460,,,,,,23,940,440,3000,,3200,,6500,
NP_065387.1,EPHA8,EPHA8,NP_065387.1|EPHA8|EPHA8,,1800,,,,,18,,,5300,,,,,270,,,,,,1100,2000,,,280,0.24,940,1.8,,,,1800,,,,,,1400,,,3900,,,,,,,,37,,5.9,3900,,,,250,,1300,,,,9,2400,190,,,,,7700,91,500,
NP_065681.1,RET,RET,NP_065681.1|RET|RET,,,100,8,120,14,17,,80,6.1,,,31,,500,,,390,20,71,150,4200,,,,730,1300,0.74,,,,,,,,,,,720,9.2,2500,150,,,,,,,870,310,71,690,,350,,4.8,,4.1,,,,4800,13,15,37,13,150,,130,34,28,
NP_065681.1,RET,RET(M918T),NP_065681.1|RET|RET(M918T),,,120,3,100,20,4.5,,120,7.5,,,30,,240,,,360,14,47,72,840,,3300,1300,390,330,0.67,,,,,,,1300,,,,630,6.4,920,47,,,,,,,1100,270,53,580,,130,,4,7600,4.1,,,,3800,7.4,28,24,19,140,,150,14,26,
NP_065681.1,RET,RET(V804L),NP_065681.1|RET|RET(V804L),1900,,970,13,1300,,4.3,,140,,,,9.8,,,,,,6.7,27,320,,,,2100,3200,,1.6,,,,,,,,,,,280,1.2,,35,,,,,,,,5900,,460,,27,,350,,2.2,,,,,39,15,18,8.7,120,,71,,8.6,
NP_065681.1,RET,RET(V804M),NP_065681.1|RET|RET(V804M),180,,54,9.1,1600,,3.2,,240,3800,,,9.6,,,,,,4.7,26,89,,,,,,,2.8,,,,,,,,,,,190,0.83,,35,,,,,,,,2300,6000,510,,20,,340,,3.1,,,,4200,22,12,14,5.8,140,,81,,13,
NP_065690.2,RIPK4,RIPK4,NP_065690.2|RIPK4|RIPK4,,,,,1400,,180,,,,,,440,,,,,,13,,,,,,2100,,4900,900,,,,,,,,,,,2100,,,130,,,,,,,,,,,,,,290,,220,,,,,,110,,2100,3200,97,9800,620,300,
NP_065717.1,CLK4,CLK4,NP_065717.1|CLK4|CLK4,0.53,,1600,,,,290,7000,,,,,18,,,,800,,3,6500,,,,,,,,850,,,1500,,60,,,,,2100,1700,1300,,49,,1600,1900,1000,1600,,7100,,,,,410,,800,,360,310,,,3200,,9.6,250,29,110,130,2000,,,
NP_065842.1,TAOK1,TAOK1,NP_065842.1|TAOK1|TAOK1,470,,320,,,,29,130,,,,,,,,,1300,,70,,3900,,,,1200,,,3700,140,,,,3300,,620,,,,1300,1700,,1800,,,1800,,,,4700,240,810,460,,,,130,,490,600,,,1300,3100,0.45,1200,890,25,480,1300,,290,
NP_066958.2,RPS6KA2,RSK3(Kin.Dom.1-N-terminal),NP_066958.2|RPS6KA2|RSK3(Kin.Dom.1-N-terminal),,,,,,,,,,,,,58,,,,,,88,310,,,,,,,,5100,4300,,,,2900,1200,,,4100,,,1300,,620,,220,280,,,,,,,,,730,,,,,,,,3200,,8.9,260,17,33,,7700,,2000,
NP_071331.2,CSNK1G1,CSNK1G1,NP_071331.2|CSNK1G1|CSNK1G1,530,,,,,,1000,,,,,4500,,,,,,,,,,,,,,,,,1200,,,,,,,,,,,,,1200,,,,,,,,,,,,,,3900,,,,,,,,3500,1000,930,,5700,,,,
NP_073577.3,HIPK2,HIPK2,NP_073577.3|HIPK2|HIPK2,220,,,,,,7.3,,3700,,,2900,790,,,,1500,,370,500,,,,,,,,220,4200,,520,,1200,,390,,,,1000,3600,,300,,720,140,,,,,,,120,290,3100,5000,350,,4800,,,,1900,1700,190,92,31,4400,,1000,,,
NP_075252.2,FGFR4,FGFR4,NP_075252.2|FGFR4|FGFR4,,,,,,6800,1400,,,860,,,1800,,,,,600,1800,4300,,,,,,,,,,,,,,,,,,,,,,2300,,,,,,,,2800,490,,,,,1100,,350,,,,,,250,6500,2100,110,,2000,2300,7200,
NP_075259.4,FGFR2,FGFR2,NP_075259.4|FGFR2|FGFR2,,,,,110,,1900,,,35,,,350,,,,,110,660,410,,,,,,1400,,800,,,,,,,,,,,,3600,,850,,,,,,1700,,210,31,5200,,2400,3100,210,,73,,,,,2700,100,790,570,250,,470,1100,570,
NP_075593.1,FGFR1,FGFR1,NP_075593.1|FGFR1|FGFR1,,,,,380,6200,620,,,53,,,92,,4300,,,99,310,150,4700,,,,,3700,,690,,,,,,,,,,,,3500,,370,,4000,,,,2400,,990,62,,,1600,5300,570,,44,,,,,2800,90,1900,520,47,,280,560,550,
NP_076916.1,CDC2L2,CDC2L2,NP_076916.1|CDC2L2|CDC2L2,,,1200,,,,1100,5.2,1000,,,,,,,390,48,,,,,,,,420,,,480,,,,,,,,,,,,,,,,,,,,,,1300,,,,,,,,,2900,,,,,,,,,,,,260,
NP_079055.2,PIP4K2C,PIP5K2C,NP_079055.2|PIP4K2C|PIP5K2C,,,,,,,,,,,,110,,,,,,,,,,,,,,,1000,28,870,,,7500,,,,,,380,,,,,,,,,,,8800,280,230,,620,,,780,,120,,,3300,,,,,,2300,530,4100,,,
NP_079152.3,ADCK4,ADCK4,NP_079152.3|ADCK4|ADCK4,,,,,,,,,,,,,,,,,2900,,,,,3400,,,1100,,2500,,,,,,,,,,,,,,,,,,,,,,,,27,,,,,3500,,64,,3100,,,,,,,92,1400,300,1700,,
NP_079328.3,YSK4,YSK4,NP_079328.3|YSK4|YSK4,230,,250,2000,270,200,120,,2400,250,,480,5.2,,,260,,500,0.52,12,54,700,,,980,79,25,5.5,,910,4000,240,190,2800,33,,16,,270,39,2400,5.2,,1600,48,,5900,,,940,240,78,930,15,,5.1,1900,67,,,6400,16,99,0.86,12,17,2800,4000,19,980,51,
NP_109587.1,MAP2K2,MEK2,NP_109587.1|MAP2K2|MEK2,,,,,2600,,,,4200,3100,530,,42,,,,,,3.9,350,,1600,370,,,1400,,13,,,,,,,,,26,,4000,420,2800,850,,,,,,,,,1900,980,,,1100,210,,730,,9600,,9.9,,28,120,110,630,,3100,1100,2000,
NP_112168.1,STK33,STK33,NP_112168.1|STK33|STK33,220,,3800,,,,1200,,,540,,1100,1100,,,,,3200,26,,,,,,,,,98,1700,,,,70,,,,940,,,780,,140,,4900,2600,,,,,,,840,,190,,4500,,970,,,,37,2400,1.8,130,17,3.2,,220,1400,,
NP_112214.1,NUAK2,SNARK,NP_112214.1|NUAK2|SNARK,4200,,,,1300,,,,,,,,21,,,,1700,,1,130,,,,240,120,,,,1400,,,4600,,23,86,,140,,320,130,,54,,4100,320,,,,,,,910,,63,,3600,,65,,,,220,,0.086,400,150,1.2,,49,,530,
NP_113605.2,MARK4,MARK4,NP_113605.2|MARK4|MARK4,,,,,,,,,,,,,2000,,,,,,120,1700,,,,,,,,,,,,,,,,,,,,5300,,210,,,,,,,,,,,,370,,,,89,,,,,,5.4,2000,3600,12,,970,,4900,
NP_113668.2,RIOK1,RIOK1,NP_113668.2|RIOK1|RIOK1,620,,,,1200,,,,,,,2200,23,,,,,,9,420,,8400,,,6100,,,,,,,,,3400,,,,,2500,2300,,47,,,810,,,,,,,470,,1200,,,,340,,,,2200,,130,590,35,,5800,100,,360,
NP_114417.1,TSSK1B,TSSK1B,NP_114417.1|TSSK1B|TSSK1B,,,,,,,,,,,,,6100,,,,,,98,,,,,,,,,,,,,,470,,,,,,,3200,,2300,,,,,,,,,,2100,,4800,,,,1000,,,,4600,,24,,6300,25,,1300,,,
NP_115670.1,CAMKK1,CAMKK1,NP_115670.1|CAMKK1|CAMKK1,810,,,,1400,,220,,,,,22,630,,,,,,23,3100,,,,,,,,550,79,,,,,,,,,,,2800,,210,,,5000,,,,,,,64,,130,,,,,,,,,,0.039,850,420,50,,1800,,4600,
NP_115806.1,BRSK1,BRSK1,NP_115806.1|BRSK1|BRSK1,,,,,,,,,,,,,,,,,,,25,,,,,,,,,,,,,,,,,,,,,,,1900,,,,,,,,,3400,,,1200,,14,,,,,,,,26,5000,3500,310,730,,,8400,
NP_116584.2,MAPKAPK2,MAPKAPK2,NP_116584.2|MAPKAPK2|MAPKAPK2,,,,,,,,,,,,,,,,,,,230,,,,,,,,,,,,,,,,,,,,,,,,,,,,,,,,,,,,,,,,,,,,,880,,,,,,,3800,
NP_149107.3,NEK9,NEK9,NP_149107.3|NEK9|NEK9,,,,,,,1800,,,,,,,,,,,,5400,9100,,,,,790,,,470,,,,,,1100,,,,,,,,520,,,,,,,,,,,,,,,,16,,,,,,3100,,,800,,150,,,
NP_149109.1,MYLK2,MYLK2,NP_149109.1|MYLK2|MYLK2,,,2800,,1300,,330,,,,,,4000,,,,980,,56,92,,,,,,3500,970,2300,,,,1900,,,,,,,,,,52,,,,,,,,2000,190,960,,,,,,,,,,,5400,61,190,49,,,3000,,43,
NP_149132.2,MAP3K9,MLK1,NP_149132.2|MAP3K9|MLK1,,,,,3000,,,,,,,,220,,,,,,3.5,9900,,,,,,,,1000,5700,,,,,3000,,,5400,,,,,650,,,1400,,,,,290,410,,,15,,2900,,4.3,,,,2700,,10,2600,3400,410,,3200,,390,
NP_208382.1,DCLK3,DCAMKL3,NP_208382.1|DCLK3|DCAMKL3,,,,,,,,1100,,,,,770,,,1700,1600,,1100,1300,,,,12,,,,,1100,,,2900,,,110,,,,260,,,86,,,,,,,,,,4500,,,2500,820,,600,620,,,5400,,17,240,110,14,,13,,3600,
NP_214528.1,pknB,PKNB(M.tuberculosis),NP_214528.1|pknB|PKNB(M.tuberculosis),,,,,,,,,,,,,3.6,,,2400,,,55,300,,,,2000,,,,,,,,,,,3.2,,,,4200,170,,240,,,,,,,,,,,,,,2900,,34,,,,5500,,88,320,87,1200,,100,,2200,
NP_277023.1,CDC2L1,CDC2L1,NP_277023.1|CDC2L1|CDC2L1,,,1300,,,,1400,8.4,1200,,,,,,,420,98,,,,,,,,760,,,640,,,,,,,,,,,,,,,,,,,,,,2100,,,,,,,,,2300,,,,,,,,,,,,290,
NP_444254.3,MYLK,MYLK,NP_444254.3|MYLK|MYLK,870,,,,,,,,,,,97,290,,,,,,13,3500,,,,,,,,,,,,,11,,,,,,360,590,,740,,,290,,,,,,,7900,1500,2000,,330,,6500,,,,490,,15,360,280,220,,520,,,
NP_543013.1,SRMS,SRMS,NP_543013.1|SRMS|SRMS,,,,,,,72,,7900,,,,,,,,,,820,,,6700,,,,13,,18,1400,,,,,,,,,,,,400,2700,,,,,,,,2500,600,,,,21,,,610,,,,100,9800,740,62,,160,,5000,1900,,
NP_543026.1,STK35,STK35,NP_543026.1|STK35|STK35,,,,,,5400,16,,,5.4,,,810,,,,,26,810,,,2900,,,610,770,,230,450,,,,,,,,4500,,,3200,,630,,,,,,,,,360,,,,,500,,1400,,,,2,,140,8.2,1300,260,,,56,,
NP_569121.1,DYRK1A,DYRK1A,NP_569121.1|DYRK1A|DYRK1A,2.1,,,,,,,120,,,,,,970,,,340,,20,,,1500,,,,,,,77,,,,1200,,,,,,910,,,180,,160,250,2100,,,,,,,,100,,2300,,260,23,,780,,,4,260,200,2900,670,,,,
NP_598001.1,NEK7,NEK7,NP_598001.1|NEK7|NEK7,,,,,,,,,,,,6100,,,,,,,4000,5600,,,,,5700,,,,,,,,,,,,,,4900,,,210,,,,,,,,,,,,,,,,11,,,,,,4500,3200,4100,2300,,160,,8700,
NP_598407.1,ZAK,ZAK,NP_598407.1|ZAK|ZAK,,770,,,2600,8,2.3,,1700,,,,,,860,,,,6700,,63,1200,,,,45,,45,,,,,,,,,1500,2600,,,3300,580,,,,,,,11,,300,,,,41,1800,4400,,,4400,,80,6.3,,,,,,650,5100,2800,
NP_620407.1,MAPK1,ERK2,NP_620407.1|MAPK1|ERK2,,,,,,,,,,,,,,,,,,,,,,,,,,,,,,,,,,,,,,,,,,,,,,,,,,,,,,,,,,,,,,,,7300,,,300,,,,,
NP_620581.1,MAPK14,p38-alpha,NP_620581.1|MAPK14|p38-alpha,,,,,,,73,,,,,,,1300,0.45,,,,,,,,,,,27,,320,,,,,,,,,,,,,,,,,,,,,460,,67,,,,,,,,,12,,,370,,,,,,,,,2.8
NP_620590.2,MAPK15,ERK8,NP_620590.2|MAPK15|ERK8,89,,2800,270,,,94,120,,,,,,,3000,4500,120,,4.9,,,,,,,,,73,330,,,,,,,,,,,,,1100,,76,88,,,,,,,,,,,,,640,69,,,,46,35,,,210,,510,,,
NP_620693.1,CSNK1D,CSNK1D,NP_620693.1|CSNK1D|CSNK1D,210,,,,,,2500,,,,,1500,1300,,,,1800,,,,,4600,,,,,3500,,,1400,1200,3200,3500,,,,,,,,,2300,,,,,,,,,,4200,,,,320,,,,37,,240,,2400,260,15,,1300,,,,
NP_620707.1,MAPK9,JNK2,NP_620707.1|MAPK9|JNK2,,,240,,,,56,,,,,,,2100,7.3,,,,320,,,1100,,,,,2000,670,,,1800,1700,520,,,,,,,1400,,230,,,,,,,5800,,,,,5000,,,,47,,130,,,7400,910,3300,2400,280,,240,,,
NP_631897.1,PFTK2,PFTAIRE2,NP_631897.1|PFTK2|PFTAIRE2,2100,,,,,,84,62,,,,,,,,,740,,1300,,,,,,,,,32,330,,,,,,,,,,,,,2600,,4900,,,,,,,,510,,,,,,,7.2,,,1600,2900,260,,,2100,,8600,,,
NP_631948.1,GRK7,GRK7,NP_631948.1|GRK7|GRK7,1900,,,,,,,,,,,850,1200,,,,,,7.2,1300,,,,4300,,,,,980,,,,540,7500,380,,,,540,820,,5000,,1300,310,,,,,,,61,,48,,1400,,2000,,,,1700,,0.86,470,180,360,,2600,,,
NP_653286.2,HIPK4,HIPK4,NP_653286.2|HIPK4|HIPK4,760,,46,320,,,3.9,,97,,,2000,1200,360,,8100,,,150,,560,1100,,,3600,,960,0.51,2000,,5000,310,1200,,,,1500,960,,,5100,1000,,1200,,,2400,,,,,1300,,950,5400,2200,,2800,,,,130,3.3,390,970,160,350,,220,,,
NP_660143.1,MAP2K5,MEK5,NP_660143.1|MAP2K5|MEK5,,,1200,,140,,74,,2.8,1500,,,1.8,1300,,,,3100,7,32,1900,60,,,,3.3,96,2.5,180,5100,,600,,,,,63,,,99,7.4,120,1100,,1100,,3100,,190,480,58,1400,,,0.16,7.3,,41,,1400,,8.2,190,2.9,75,46,200,,360,49,260,
NP_660186.1,MAP2K7,MKK7,NP_660186.1|MAP2K7|MKK7,,,,,,,27,,,,,,,,,,,,80,,,110,,,,,,,,,,,,,,,530,,,,,,4400,,,,,,,,,,,,,,,,,,,5300,,30,,,,,,,,
NP_660204.1,CSNK1A1L,CSNK1A1L,NP_660204.1|CSNK1A1L|CSNK1A1L,4600,,,,,,,,,,,,,,,,,,7100,,,,,,,,,,2400,,,,,,,,,,,,,,,,,,,,,,,,,,,2000,,,,1700,,2600,,250,1500,550,5200,1900,,,,
NP_663304.1,MAP3K7,TAK1,NP_663304.1|MAP3K7|TAK1,640,,,8500,,1300,1.5,,650,,,,4.1,,150,,1400,,2.9,630,490,3300,,,1800,3700,,540,2900,,,,4700,,,,,,730,7.2,,36,,,,,,,,,,5300,,130,,1600,,49,,,,100,690,67,100,93,160,2300,3100,,2300,
NP_663719.1,MAP4K4,MAP4K4,NP_663719.1|MAP4K4|MAP4K4,140,,,2500,350,5800,15,,,2000,,,150,,90,,,590,23,160,1300,,,,,3100,,190,,2300,,,,,,,330,,,140,,33,,,,,,,,2200,880,280,,650,,1300,,,,3700,,8.2,4800,24,260,140,970,,,1400,2400,
NP_665917.1,NEK11,NEK11,NP_665917.1|NEK11|NEK11,,,,,,,,,,,,,,,,,,,,,,,,,,470,,,,,,,,,,,,,,,1100,,,,,,,,,,3000,,,,190,,,170,,,,650,,3100,,,,,1200,,,
NP_689909.2,HIPK1,HIPK1,NP_689909.2|HIPK1|HIPK1,230,,,,,,170,,,,,4100,1300,,,,1700,,590,4200,,,,,,,,420,6800,,1100,,1300,,510,,,,1200,,,430,,1000,230,,,,,,,93,3300,,5500,300,,820,,,,520,3300,2700,970,55,4400,,860,,,
NP_694592.1,FYN,FYN,NP_694592.1|FYN|FYN,,140,,,,2800,50,,,1200,,,630,,,,,,84,440,2100,5300,,1100,1300,0.79,,88,,,,,,,,,6400,3100,,340,7100,660,,,,,,1300,1600,2700,4.9,,,2100,2300,300,,28,,,,11,8400,33,2600,520,1400,,38,360,530,2100
NP_699192.1,MGC42105,NIM1,NP_699192.1|MGC42105|NIM1,,,,,,,,,,,,770,,,,,,,1800,850,,,,,4600,,,,,,,,,6400,,,,,,,,1100,,,,,,,,,6400,8700,,,,,,660,,,,1500,,140,1100,850,2600,,4400,,,
NP_722560.1,PTK2,FAK,NP_722560.1|PTK2|FAK,,,,,,,,,,,,150,210,,7100,,,,1100,,,,,,310,,,180,,,,,200,,,,1900,,,3700,,2100,,,,,,,,,,1900,,,,,,250,,,,570,,64,1200,440,1.1,,42,,,
NP_741960.1,CAMK2A,CAMK2A,NP_741960.1|CAMK2A|CAMK2A,320,,,,,,,,,,,1300,3600,,,,,,10,,,,3400,3500,,,,,1700,,,,,1000,,,,,46,,,4000,,,4500,,,,,,,3400,,20,,5600,,1100,2000,,,4500,,0.16,350,80,980,,300,,,
NP_751913.1,CAMK2G,CAMK2G,NP_751913.1|CAMK2G|CAMK2G,890,,,,,,,,,,,1200,,,,,,,26,,,,,,,,,,2600,,,,,1300,,,,,100,,,,,,7800,,,,,,,2000,,140,,,,920,1900,,,3600,,0.55,1100,690,780,,540,,,
NP_775267.1,PTK2B,PYK2,NP_775267.1|PTK2B|PYK2,,,,,,,520,,,,,310,81,,990,,,,41,,,,,,190,,,14,3100,,,,76,,,,8000,,,760,,760,,,,,,2000,,,5000,910,,660,,,,29,,,,390,,3.5,600,82,1.1,,220,,2600,
NP_775490.2,SIK1,SIK,NP_775490.2|SIK1|SIK,,,,,2100,,1700,,,,,,670,,,,,,82,,,,,,,3.9,,160,,,,,,,,,220,,,3000,,670,,,,,,1700,,2200,6.5,,,160,520,320,,53,,,,30,,2.2,2700,3200,15,,39,1900,2500,
NP_775846.2,STK32C,YANK3,NP_775846.2|STK32C|YANK3,,,,,,,,,,,,,,,,,,,8000,,,,,,,,,,,,,,,,,,,,,,,,,,,,,,,,,,,,,,,,,,,,,310,,,55,,,,,
NP_848605.1,ANKK1,ANKK1,NP_848605.1|ANKK1|ANKK1,,,,,3600,,630,,1500,,,,,,1000,,,,32,79,,,,,780,,,1500,,,,,,6200,,,,,390,1400,,82,,,,,,,,,,,,,,2600,,330,,,,2100,,270,160,310,9400,,4300,,5600,
NP_872198.1,RPS6KA5,RPS6KA5(Kin.Dom.1-N-terminal),NP_872198.1|RPS6KA5|RPS6KA5(Kin.Dom.1-N-terminal),,,1200,,,,730,,,,,,200,,,,9000,,42,680,,,,,,,,,,,,,,,,,,,,,,,,370,1300,,,,,,,,,240,,,,,,,,,,42,150,28,,,4400,,,
NP_872272.2,EPHA5,EPHA5,NP_872272.2|EPHA5|EPHA5,,,1500,,,,140,,,,,,,,1400,,,,5900,,,1200,,,1000,0.24,710,6.6,3500,,,1500,,,,,,,,5500,,,,,,,,1400,1900,,14,,,,,3100,,860,,,,27,3500,95,,1200,3700,,,240,,
NP_872299.2,MYLK3,MLCK,NP_872299.2|MYLK3|MLCK,400,,,410,1700,,,,,,,,110,,,,1700,,12,2,,,,,,,,3000,,,,,,,,,,,,42,,4.3,,,,,,,,,140,,,2300,,360,,,,,,,9600,140,42,23,,,9700,,15,
NP_872629.1,PKMYT1,PKMYT1,NP_872629.1|PKMYT1|PKMYT1,,,,,,,,,,,,,,,,,,,,,,,,,,130,,,,,,,,,,,,,,,,,,,,,,,,,44,,,,,,,,,,,350,,,,,,,,,,
NP_892027.2,GRK4,GRK4,NP_892027.2|GRK4|GRK4,1400,,,,2300,,,,,,,,17,,,,,,12,97,,,,,4200,,7300,,,,,,,2800,,,,,6100,2200,,71,,,590,,,,,,,420,,110,,,,450,,,,4900,,37,370,140,3500,6200,170,,400,
NP_940980.3,LRRK2,LRRK2,NP_940980.3|LRRK2|LRRK2,1900,,,,920,,950,,,,,,46,,,,,,3.6,1500,,500,,1300,,,2900,,1000,,,,730,,,,,,290,190,,350,,,,,,,,,7500,,,570,,290,,36,,,,500,,3.1,72,110,1.4,,870,,,
NP_940980.3,LRRK2,LRRK2(G2019S),NP_940980.3|LRRK2|LRRK2(G2019S),1400,,,,990,,4400,,,,,,37,,,,,,2.5,880,,1100,,550,,,4800,,2000,,,,170,,,,,,90,370,,45,,,9700,,,,,,5100,,,180,,1700,,27,,,,830,,0.39,70,76,0.86,,1000,,,
NP_954983.1,NEK5,NEK5,NP_954983.1|NEK5|NEK5,,,,,,,1100,,,,,,,,,,,,5600,2300,3200,,,,,,,,,,,,,1100,,,,,,,,2300,,,,,,,,7300,890,,,,,,,13,,,,,,810,,,,,570,,4200,
NP_996844.1,LTK,LTK,NP_996844.1|LTK|LTK,,,550,,,,160,,3200,4300,,1200,150,,1400,,,,490,,,5100,,,12,,890,110,2200,,,5500,1.1,,,,,,440,,,920,,,,,,,,6800,,,,3000,,1400,,800,,,,3000,,37,4200,1800,0.95,,6300,550,7500,
NP_997402.1,ZAP70,ZAP70,NP_997402.1|ZAP70|ZAP70,,,,,,,,,,,,,3500,,,,,,16,,,,,,4200,,,,,,,,,,,,,,,,,940,,,,,,,,,,,,2600,,,,21,,,,1600,,44,,,1600,,3800,,,
NP_998725.1,PKN1,PKN1,NP_998725.1|PKN1|PKN1,210,,,,,,,,,,,,740,,,,,,5.3,180,,,,170,,,,,3500,,,,,,34,,,,,2400,,580,,5100,350,,,,,,,,,9.3,,,,660,,,,2900,,1.3,1900,710,340,,1100,,1500,
P0C1S8,WEE2,WEE2,P0C1S8|WEE2|WEE2,,,,,,,,,,,,,,,,,,,7900,,,,,,,200,,,,,,,,,,,1300,,,,,4700,,,,,,,,,57,,,,,,,9400,,,,94,,,,,,,6000,,4200,
P0C264,SgK110,SgK110,P0C264|SgK110|SgK110,,,,,,,,,,,,,2000,,,,,,120,,,,,,240,,,,,,,,,,,,,,5800,1100,,230,,,,,,,,,1100,,,,,,,190,,,,,,25,5000,1900,54,,2900,,530,
Q6XUX3.1,DSTKY,RIPK5,Q6XUX3.1|DSTKY|RIPK5,,,,,,,360,,3000,,,,,,,,,,5.3,,,,,,450,,,510,4200,,,,4300,,,,6400,,,740,,660,,,,,,,,,,,,4700,,510,,,780,,,380,,11,930,1300,57,,1700,,,
XP_001349680.1,PFB0815w,PFCDPK1(P.falciparum),XP_001349680.1|PFB0815w|PFCDPK1(P.falciparum),,,,,,,8.5,,,,,,1200,,,,,,5.6,610,,,,,,640,,230,,,,,,,,,,,,,1800,2400,,,,,,,790,370,3300,,,950,1.7,490,,,,850,,,220,0.25,,1300,710,,1200,,,
XP_001350280.1,MAL13P1.279,PFPK5(P.falciparum),XP_001350280.1|MAL13P1.279|PFPK5(P.falciparum),,,,,,,,,,,,,,,,,,,5600,,,,,,,,,,3300,,,,,,,,,,,,,,,,,,,,,,,,,,,,,,600,,,,,800,,,,,,,,
